season,posteam,down,dist_bucket,pass_rate,plays
2023,ARI,1,Long (10+),0.4517133956386293,321
2023,ARI,1,Med-Short (3-5),0.2857142857142857,14
2023,ARI,1,Medium (6-9),0.3333333333333333,6
2023,ARI,1,Short (1-2),0.25,4
2023,ARI,2,Long (10+),0.5047619047619047,105
2023,ARI,2,Med-Short (3-5),0.5531914893617021,47
2023,ARI,2,Medium (6-9),0.5194805194805194,77
2023,ARI,2,Short (1-2),0.12,25
2023,ARI,3,Long (10+),0.7450980392156863,51
2023,ARI,3,Med-Short (3-5),0.8205128205128205,39
2023,ARI,3,Medium (6-9),0.9333333333333333,45
2023,ARI,3,Short (1-2),0.36,25
2023,ARI,4,Long (10+),1.0,2
2023,ARI,4,Med-Short (3-5),1.0,6
2023,ARI,4,Medium (6-9),0.5,4
2023,ARI,4,Short (1-2),0.25,8
2023,ATL,1,Long (10+),0.4073107049608355,383
2023,ATL,1,Med-Short (3-5),0.25,12
2023,ATL,1,Medium (6-9),0.2222222222222222,9
2023,ATL,1,Short (1-2),0.5,2
2023,ATL,2,Long (10+),0.5728155339805825,103
2023,ATL,2,Med-Short (3-5),0.3559322033898305,59
2023,ATL,2,Medium (6-9),0.6271186440677966,118
2023,ATL,2,Short (1-2),0.3548387096774194,31
2023,ATL,3,Long (10+),0.9333333333333333,45
2023,ATL,3,Med-Short (3-5),0.6595744680851063,47
2023,ATL,3,Medium (6-9),0.8636363636363636,66
2023,ATL,3,Short (1-2),0.2777777777777778,36
2023,ATL,4,Med-Short (3-5),0.6,5
2023,ATL,4,Short (1-2),0.25,8
2023,BAL,1,Long (10+),0.5012787723785166,391
2023,BAL,1,Med-Short (3-5),0.1,10
2023,BAL,1,Medium (6-9),0.14285714285714285,7
2023,BAL,1,Short (1-2),0.0,4
2023,BAL,2,Long (10+),0.7368421052631579,95
2023,BAL,2,Med-Short (3-5),0.4090909090909091,66
2023,BAL,2,Medium (6-9),0.6111111111111112,108
2023,BAL,2,Short (1-2),0.3548387096774194,31
2023,BAL,3,Long (10+),0.7567567567567568,37
2023,BAL,3,Med-Short (3-5),0.7272727272727273,44
2023,BAL,3,Medium (6-9),0.9074074074074074,54
2023,BAL,3,Short (1-2),0.23076923076923078,39
2023,BAL,4,Long (10+),1.0,1
2023,BAL,4,Med-Short (3-5),1.0,1
2023,BAL,4,Medium (6-9),1.0,1
2023,BAL,4,Short (1-2),0.14285714285714285,7
2023,BUF,1,Long (10+),0.5,412
2023,BUF,1,Med-Short (3-5),0.14285714285714285,7
2023,BUF,1,Medium (6-9),0.09090909090909091,11
2023,BUF,1,Short (1-2),0.0,6
2023,BUF,2,Long (10+),0.7978723404255319,94
2023,BUF,2,Med-Short (3-5),0.4155844155844156,77
2023,BUF,2,Medium (6-9),0.7368421052631579,114
2023,BUF,2,Short (1-2),0.2558139534883721,43
2023,BUF,3,Long (10+),0.8333333333333334,42
2023,BUF,3,Med-Short (3-5),0.8333333333333334,42
2023,BUF,3,Medium (6-9),0.8947368421052632,57
2023,BUF,3,Short (1-2),0.20833333333333334,48
2023,BUF,4,Med-Short (3-5),0.5,2
2023,BUF,4,Short (1-2),0.6153846153846154,13
2023,CAR,1,Long (10+),0.45014245014245013,351
2023,CAR,1,Med-Short (3-5),0.2,5
2023,CAR,1,Medium (6-9),0.5,8
2023,CAR,1,Short (1-2),0.0,2
2023,CAR,2,Long (10+),0.7264150943396226,106
2023,CAR,2,Med-Short (3-5),0.32,50
2023,CAR,2,Medium (6-9),0.5145631067961165,103
2023,CAR,2,Short (1-2),0.25,28
2023,CAR,3,Long (10+),0.9365079365079365,63
2023,CAR,3,Med-Short (3-5),0.7555555555555555,45
2023,CAR,3,Medium (6-9),0.8679245283018868,53
2023,CAR,3,Short (1-2),0.3181818181818182,44
2023,CAR,4,Long (10+),1.0,2
2023,CAR,4,Med-Short (3-5),1.0,4
2023,CAR,4,Medium (6-9),1.0,4
2023,CAR,4,Short (1-2),0.4117647058823529,17
2023,CHI,1,Long (10+),0.4634920634920635,315
2023,CHI,1,Med-Short (3-5),0.5,6
2023,CHI,1,Medium (6-9),0.3333333333333333,9
2023,CHI,1,Short (1-2),0.0,5
2023,CHI,2,Long (10+),0.5416666666666666,96
2023,CHI,2,Med-Short (3-5),0.37735849056603776,53
2023,CHI,2,Medium (6-9),0.49382716049382713,81
2023,CHI,2,Short (1-2),0.3157894736842105,19
2023,CHI,3,Long (10+),0.8163265306122449,49
2023,CHI,3,Med-Short (3-5),0.6829268292682927,41
2023,CHI,3,Medium (6-9),0.875,48
2023,CHI,3,Short (1-2),0.2962962962962963,27
2023,CHI,4,Long (10+),1.0,4
2023,CHI,4,Med-Short (3-5),1.0,2
2023,CHI,4,Short (1-2),0.18181818181818182,11
2023,CIN,1,Long (10+),0.5578635014836796,337
2023,CIN,1,Med-Short (3-5),0.6666666666666666,9
2023,CIN,1,Medium (6-9),0.45454545454545453,11
2023,CIN,1,Short (1-2),0.2857142857142857,7
2023,CIN,2,Long (10+),0.7831325301204819,83
2023,CIN,2,Med-Short (3-5),0.5192307692307693,52
2023,CIN,2,Medium (6-9),0.75,104
2023,CIN,2,Short (1-2),0.5357142857142857,28
2023,CIN,3,Long (10+),0.9047619047619048,42
2023,CIN,3,Med-Short (3-5),0.9473684210526315,38
2023,CIN,3,Medium (6-9),0.8888888888888888,45
2023,CIN,3,Short (1-2),0.5,40
2023,CIN,4,Med-Short (3-5),1.0,4
2023,CIN,4,Short (1-2),0.16666666666666666,6
2023,CLE,1,Long (10+),0.5121951219512195,369
2023,CLE,1,Med-Short (3-5),0.5,4
2023,CLE,1,Medium (6-9),0.3,10
2023,CLE,1,Short (1-2),0.5,4
2023,CLE,2,Long (10+),0.6694214876033058,121
2023,CLE,2,Med-Short (3-5),0.35294117647058826,68
2023,CLE,2,Medium (6-9),0.6842105263157895,95
2023,CLE,2,Short (1-2),0.375,32
2023,CLE,3,Long (10+),0.967741935483871,62
2023,CLE,3,Med-Short (3-5),0.7333333333333333,45
2023,CLE,3,Medium (6-9),0.8823529411764706,51
2023,CLE,3,Short (1-2),0.2972972972972973,37
2023,CLE,4,Long (10+),1.0,1
2023,CLE,4,Med-Short (3-5),1.0,4
2023,CLE,4,Medium (6-9),1.0,1
2023,CLE,4,Short (1-2),0.18181818181818182,11
2023,DAL,1,Long (10+),0.532051282051282,312
2023,DAL,1,Med-Short (3-5),0.5,12
2023,DAL,1,Medium (6-9),0.5555555555555556,9
2023,DAL,1,Short (1-2),0.4,5
2023,DAL,2,Long (10+),0.7142857142857143,84
2023,DAL,2,Med-Short (3-5),0.6206896551724138,58
2023,DAL,2,Medium (6-9),0.7073170731707317,82
2023,DAL,2,Short (1-2),0.19230769230769232,26
2023,DAL,3,Long (10+),0.8205128205128205,39
2023,DAL,3,Med-Short (3-5),0.8181818181818182,44
2023,DAL,3,Medium (6-9),0.8888888888888888,36
2023,DAL,3,Short (1-2),0.4857142857142857,35
2023,DAL,4,Med-Short (3-5),1.0,1
2023,DAL,4,Medium (6-9),1.0,1
2023,DAL,4,Short (1-2),0.5384615384615384,13
2023,DEN,1,Long (10+),0.5080906148867314,309
2023,DEN,1,Med-Short (3-5),0.5454545454545454,11
2023,DEN,1,Medium (6-9),0.375,8
2023,DEN,1,Short (1-2),0.0,1
2023,DEN,2,Long (10+),0.5897435897435898,78
2023,DEN,2,Med-Short (3-5),0.45454545454545453,55
2023,DEN,2,Medium (6-9),0.6526315789473685,95
2023,DEN,2,Short (1-2),0.28,25
2023,DEN,3,Long (10+),0.8043478260869565,46
2023,DEN,3,Med-Short (3-5),0.7692307692307693,39
2023,DEN,3,Medium (6-9),0.9069767441860465,43
2023,DEN,3,Short (1-2),0.2894736842105263,38
2023,DEN,4,Med-Short (3-5),1.0,3
2023,DEN,4,Short (1-2),0.2,10
2023,DET,1,Long (10+),0.4859335038363171,391
2023,DET,1,Med-Short (3-5),0.0,10
2023,DET,1,Medium (6-9),0.25,12
2023,DET,1,Short (1-2),0.14285714285714285,7
2023,DET,2,Long (10+),0.7522935779816514,109
2023,DET,2,Med-Short (3-5),0.5230769230769231,65
2023,DET,2,Medium (6-9),0.5544554455445545,101
2023,DET,2,Short (1-2),0.47619047619047616,42
2023,DET,3,Long (10+),0.9183673469387755,49
2023,DET,3,Med-Short (3-5),0.75,52
2023,DET,3,Medium (6-9),0.875,40
2023,DET,3,Short (1-2),0.48717948717948717,39
2023,DET,4,Long (10+),1.0,2
2023,DET,4,Med-Short (3-5),0.7777777777777778,9
2023,DET,4,Short (1-2),0.5,16
2023,GB,1,Long (10+),0.4959785522788204,373
2023,GB,1,Med-Short (3-5),0.1,10
2023,GB,1,Medium (6-9),0.25,8
2023,GB,1,Short (1-2),0.0,2
2023,GB,2,Long (10+),0.7157894736842105,95
2023,GB,2,Med-Short (3-5),0.4166666666666667,72
2023,GB,2,Medium (6-9),0.6037735849056604,106
2023,GB,2,Short (1-2),0.36666666666666664,30
2023,GB,3,Long (10+),0.8444444444444444,45
2023,GB,3,Med-Short (3-5),0.9512195121951219,41
2023,GB,3,Medium (6-9),0.9629629629629629,54
2023,GB,3,Short (1-2),0.3333333333333333,51
2023,GB,4,Long (10+),1.0,1
2023,GB,4,Med-Short (3-5),1.0,1
2023,GB,4,Medium (6-9),1.0,1
2023,GB,4,Short (1-2),0.75,12
2023,HOU,1,Long (10+),0.45187165775401067,374
2023,HOU,1,Med-Short (3-5),0.25,8
2023,HOU,1,Medium (6-9),0.25,8
2023,HOU,1,Short (1-2),0.14285714285714285,7
2023,HOU,2,Long (10+),0.6822429906542056,107
2023,HOU,2,Med-Short (3-5),0.45454545454545453,66
2023,HOU,2,Medium (6-9),0.696969696969697,99
2023,HOU,2,Short (1-2),0.36,25
2023,HOU,3,Long (10+),0.8983050847457628,59
2023,HOU,3,Med-Short (3-5),0.8717948717948718,39
2023,HOU,3,Medium (6-9),0.9661016949152542,59
2023,HOU,3,Short (1-2),0.5151515151515151,33
2023,HOU,4,Medium (6-9),1.0,1
2023,HOU,4,Short (1-2),0.2222222222222222,9
2023,IND,1,Long (10+),0.4444444444444444,351
2023,IND,1,Med-Short (3-5),0.2,10
2023,IND,1,Medium (6-9),0.14285714285714285,7
2023,IND,1,Short (1-2),0.2,5
2023,IND,2,Long (10+),0.826530612244898,98
2023,IND,2,Med-Short (3-5),0.3114754098360656,61
2023,IND,2,Medium (6-9),0.6568627450980392,102
2023,IND,2,Short (1-2),0.18181818181818182,22
2023,IND,3,Long (10+),0.8444444444444444,45
2023,IND,3,Med-Short (3-5),0.8,40
2023,IND,3,Medium (6-9),0.8727272727272727,55
2023,IND,3,Short (1-2),0.30434782608695654,46
2023,IND,4,Med-Short (3-5),1.0,3
2023,IND,4,Medium (6-9),1.0,1
2023,IND,4,Short (1-2),0.6,15
2023,JAX,1,Long (10+),0.4716417910447761,335
2023,JAX,1,Med-Short (3-5),0.6,5
2023,JAX,1,Medium (6-9),0.4444444444444444,9
2023,JAX,1,Short (1-2),0.0,9
2023,JAX,2,Long (10+),0.8469387755102041,98
2023,JAX,2,Med-Short (3-5),0.3559322033898305,59
2023,JAX,2,Medium (6-9),0.7209302325581395,86
2023,JAX,2,Short (1-2),0.46875,32
2023,JAX,3,Long (10+),0.875,40
2023,JAX,3,Med-Short (3-5),0.9024390243902439,41
2023,JAX,3,Medium (6-9),0.9,40
2023,JAX,3,Short (1-2),0.5681818181818182,44
2023,JAX,4,Long (10+),1.0,1
2023,JAX,4,Med-Short (3-5),1.0,1
2023,JAX,4,Short (1-2),0.5454545454545454,11
2023,KC,1,Long (10+),0.5379609544468547,461
2023,KC,1,Med-Short (3-5),0.5333333333333333,15
2023,KC,1,Medium (6-9),0.6666666666666666,12
2023,KC,1,Short (1-2),0.16666666666666666,6
2023,KC,2,Long (10+),0.71875,128
2023,KC,2,Med-Short (3-5),0.5333333333333333,60
2023,KC,2,Medium (6-9),0.7443609022556391,133
2023,KC,2,Short (1-2),0.20588235294117646,34
2023,KC,3,Long (10+),0.9122807017543859,57
2023,KC,3,Med-Short (3-5),0.8703703703703703,54
2023,KC,3,Medium (6-9),0.921875,64
2023,KC,3,Short (1-2),0.4375,48
2023,KC,4,Long (10+),1.0,3
2023,KC,4,Med-Short (3-5),0.5,4
2023,KC,4,Short (1-2),0.3,10
2023,LA,1,Long (10+),0.4880636604774536,377
2023,LA,1,Med-Short (3-5),0.2727272727272727,11
2023,LA,1,Medium (6-9),0.25,12
2023,LA,1,Short (1-2),0.25,4
2023,LA,2,Long (10+),0.75,100
2023,LA,2,Med-Short (3-5),0.5584415584415584,77
2023,LA,2,Medium (6-9),0.6630434782608695,92
2023,LA,2,Short (1-2),0.32,25
2023,LA,3,Long (10+),0.8235294117647058,51
2023,LA,3,Med-Short (3-5),0.8958333333333334,48
2023,LA,3,Medium (6-9),0.9534883720930233,43
2023,LA,3,Short (1-2),0.32432432432432434,37
2023,LA,4,Med-Short (3-5),1.0,4
2023,LA,4,Short (1-2),0.5555555555555556,9
2023,LAC,1,Long (10+),0.5322128851540616,357
2023,LAC,1,Med-Short (3-5),0.375,8
2023,LAC,1,Medium (6-9),0.35714285714285715,14
2023,LAC,1,Short (1-2),0.4,5
2023,LAC,2,Long (10+),0.7956989247311828,93
2023,LAC,2,Med-Short (3-5),0.4647887323943662,71
2023,LAC,2,Medium (6-9),0.7053571428571429,112
2023,LAC,2,Short (1-2),0.2,30
2023,LAC,3,Long (10+),0.918918918918919,37
2023,LAC,3,Med-Short (3-5),0.78,50
2023,LAC,3,Medium (6-9),0.9193548387096774,62
2023,LAC,3,Short (1-2),0.4666666666666667,45
2023,LAC,4,Long (10+),1.0,1
2023,LAC,4,Med-Short (3-5),1.0,3
2023,LAC,4,Medium (6-9),1.0,2
2023,LAC,4,Short (1-2),0.5294117647058824,17
2023,LV,1,Long (10+),0.5067114093959731,298
2023,LV,1,Med-Short (3-5),0.16666666666666666,6
2023,LV,1,Medium (6-9),0.0,5
2023,LV,1,Short (1-2),0.0,5
2023,LV,2,Long (10+),0.7191011235955056,89
2023,LV,2,Med-Short (3-5),0.3584905660377358,53
2023,LV,2,Medium (6-9),0.6190476190476191,84
2023,LV,2,Short (1-2),0.17391304347826086,23
2023,LV,3,Long (10+),0.9310344827586207,29
2023,LV,3,Med-Short (3-5),0.9,50
2023,LV,3,Medium (6-9),0.9090909090909091,44
2023,LV,3,Short (1-2),0.3939393939393939,33
2023,LV,4,Long (10+),1.0,1
2023,LV,4,Med-Short (3-5),1.0,1
2023,LV,4,Medium (6-9),1.0,1
2023,LV,4,Short (1-2),0.375,8
2023,MIA,1,Long (10+),0.515625,320
2023,MIA,1,Med-Short (3-5),0.4166666666666667,12
2023,MIA,1,Medium (6-9),0.25,12
2023,MIA,1,Short (1-2),0.5,8
2023,MIA,2,Long (10+),0.726027397260274,73
2023,MIA,2,Med-Short (3-5),0.5094339622641509,53
2023,MIA,2,Medium (6-9),0.7078651685393258,89
2023,MIA,2,Short (1-2),0.5357142857142857,28
2023,MIA,3,Long (10+),0.9736842105263158,38
2023,MIA,3,Med-Short (3-5),0.8888888888888888,36
2023,MIA,3,Medium (6-9),1.0,40
2023,MIA,3,Short (1-2),0.5217391304347826,23
2023,MIA,4,Med-Short (3-5),0.75,4
2023,MIA,4,Medium (6-9),1.0,1
2023,MIA,4,Short (1-2),0.8571428571428571,7
2023,MIN,1,Long (10+),0.5318559556786704,361
2023,MIN,1,Med-Short (3-5),0.42857142857142855,7
2023,MIN,1,Medium (6-9),0.7272727272727273,11
2023,MIN,1,Short (1-2),0.2857142857142857,7
2023,MIN,2,Long (10+),0.7019230769230769,104
2023,MIN,2,Med-Short (3-5),0.5161290322580645,62
2023,MIN,2,Medium (6-9),0.7666666666666667,90
2023,MIN,2,Short (1-2),0.47058823529411764,34
2023,MIN,3,Long (10+),0.8222222222222222,45
2023,MIN,3,Med-Short (3-5),0.9555555555555556,45
2023,MIN,3,Medium (6-9),0.9272727272727272,55
2023,MIN,3,Short (1-2),0.6111111111111112,36
2023,MIN,4,Long (10+),1.0,2
2023,MIN,4,Med-Short (3-5),0.8,5
2023,MIN,4,Medium (6-9),0.5,4
2023,MIN,4,Short (1-2),0.4,10
2023,NE,1,Long (10+),0.5085227272727273,352
2023,NE,1,Med-Short (3-5),0.0,2
2023,NE,1,Medium (6-9),0.0,6
2023,NE,1,Short (1-2),0.6666666666666666,3
2023,NE,2,Long (10+),0.7032967032967034,91
2023,NE,2,Med-Short (3-5),0.4642857142857143,56
2023,NE,2,Medium (6-9),0.6494845360824743,97
2023,NE,2,Short (1-2),0.27906976744186046,43
2023,NE,3,Long (10+),0.8571428571428571,49
2023,NE,3,Med-Short (3-5),0.8936170212765957,47
2023,NE,3,Medium (6-9),0.9285714285714286,56
2023,NE,3,Short (1-2),0.26666666666666666,30
2023,NE,4,Long (10+),1.0,2
2023,NE,4,Med-Short (3-5),0.8571428571428571,7
2023,NE,4,Medium (6-9),1.0,2
2023,NE,4,Short (1-2),0.3333333333333333,6
2023,NO,1,Long (10+),0.45454545454545453,341
2023,NO,1,Med-Short (3-5),0.4,5
2023,NO,1,Medium (6-9),0.2857142857142857,7
2023,NO,1,Short (1-2),0.0,6
2023,NO,2,Long (10+),0.7653061224489796,98
2023,NO,2,Med-Short (3-5),0.3787878787878788,66
2023,NO,2,Medium (6-9),0.7666666666666667,90
2023,NO,2,Short (1-2),0.30303030303030304,33
2023,NO,3,Long (10+),0.9375,32
2023,NO,3,Med-Short (3-5),0.8478260869565217,46
2023,NO,3,Medium (6-9),0.967741935483871,62
2023,NO,3,Short (1-2),0.3548387096774194,31
2023,NO,4,Med-Short (3-5),1.0,4
2023,NO,4,Medium (6-9),1.0,2
2023,NO,4,Short (1-2),0.4,5
2023,NYG,1,Long (10+),0.527972027972028,286
2023,NYG,1,Med-Short (3-5),0.0,2
2023,NYG,1,Medium (6-9),0.3333333333333333,6
2023,NYG,1,Short (1-2),0.25,4
2023,NYG,2,Long (10+),0.5092592592592593,108
2023,NYG,2,Med-Short (3-5),0.2830188679245283,53
2023,NYG,2,Medium (6-9),0.4927536231884058,69
2023,NYG,2,Short (1-2),0.2,15
2023,NYG,3,Long (10+),0.847457627118644,59
2023,NYG,3,Med-Short (3-5),0.7428571428571429,35
2023,NYG,3,Medium (6-9),0.7592592592592593,54
2023,NYG,3,Short (1-2),0.4666666666666667,30
2023,NYG,4,Med-Short (3-5),1.0,1
2023,NYG,4,Medium (6-9),1.0,1
2023,NYG,4,Short (1-2),0.21428571428571427,14
2023,NYJ,1,Long (10+),0.5,310
2023,NYJ,1,Med-Short (3-5),0.0,2
2023,NYJ,1,Medium (6-9),0.3,10
2023,NYJ,1,Short (1-2),0.0,1
2023,NYJ,2,Long (10+),0.7425742574257426,101
2023,NYJ,2,Med-Short (3-5),0.6,40
2023,NYJ,2,Medium (6-9),0.5121951219512195,82
2023,NYJ,2,Short (1-2),0.3181818181818182,22
2023,NYJ,3,Long (10+),0.8153846153846154,65
2023,NYJ,3,Med-Short (3-5),0.9347826086956522,46
2023,NYJ,3,Medium (6-9),0.9545454545454546,44
2023,NYJ,3,Short (1-2),0.38095238095238093,21
2023,NYJ,4,Long (10+),1.0,3
2023,NYJ,4,Med-Short (3-5),0.6666666666666666,3
2023,NYJ,4,Short (1-2),0.0,8
2023,PHI,1,Long (10+),0.49473684210526314,380
2023,PHI,1,Med-Short (3-5),0.17647058823529413,17
2023,PHI,1,Medium (6-9),0.0,7
2023,PHI,1,Short (1-2),0.0,7
2023,PHI,2,Long (10+),0.7431192660550459,109
2023,PHI,2,Med-Short (3-5),0.5223880597014925,67
2023,PHI,2,Medium (6-9),0.6947368421052632,95
2023,PHI,2,Short (1-2),0.3888888888888889,36
2023,PHI,3,Long (10+),0.8095238095238095,42
2023,PHI,3,Med-Short (3-5),0.5957446808510638,47
2023,PHI,3,Medium (6-9),0.7833333333333333,60
2023,PHI,3,Short (1-2),0.3611111111111111,36
2023,PHI,4,Med-Short (3-5),0.8571428571428571,7
2023,PHI,4,Short (1-2),0.09090909090909091,11
2023,PIT,1,Long (10+),0.38953488372093026,344
2023,PIT,1,Med-Short (3-5),0.2222222222222222,9
2023,PIT,1,Medium (6-9),0.25,8
2023,PIT,1,Short (1-2),0.3333333333333333,3
2023,PIT,2,Long (10+),0.625,80
2023,PIT,2,Med-Short (3-5),0.4583333333333333,72
2023,PIT,2,Medium (6-9),0.45,100
2023,PIT,2,Short (1-2),0.4166666666666667,24
2023,PIT,3,Long (10+),0.8478260869565217,46
2023,PIT,3,Med-Short (3-5),0.9574468085106383,47
2023,PIT,3,Medium (6-9),0.9344262295081968,61
2023,PIT,3,Short (1-2),0.36363636363636365,33
2023,PIT,4,Med-Short (3-5),1.0,1
2023,PIT,4,Short (1-2),0.3,10
2023,SEA,1,Long (10+),0.5513513513513514,370
2023,SEA,1,Med-Short (3-5),0.23076923076923078,13
2023,SEA,1,Medium (6-9),0.2,10
2023,SEA,1,Short (1-2),0.16666666666666666,6
2023,SEA,2,Long (10+),0.6893203883495146,103
2023,SEA,2,Med-Short (3-5),0.390625,64
2023,SEA,2,Medium (6-9),0.7021276595744681,94
2023,SEA,2,Short (1-2),0.19047619047619047,21
2023,SEA,3,Long (10+),0.9285714285714286,56
2023,SEA,3,Med-Short (3-5),0.9302325581395349,43
2023,SEA,3,Medium (6-9),0.92,50
2023,SEA,3,Short (1-2),0.5151515151515151,33
2023,SEA,4,Med-Short (3-5),1.0,1
2023,SEA,4,Medium (6-9),1.0,2
2023,SEA,4,Short (1-2),0.375,8
2023,SF,1,Long (10+),0.5449871465295629,389
2023,SF,1,Med-Short (3-5),0.15384615384615385,13
2023,SF,1,Medium (6-9),0.2222222222222222,9
2023,SF,1,Short (1-2),0.1111111111111111,9
2023,SF,2,Long (10+),0.7244897959183674,98
2023,SF,2,Med-Short (3-5),0.4461538461538462,65
2023,SF,2,Medium (6-9),0.6976744186046512,86
2023,SF,2,Short (1-2),0.10416666666666667,48
2023,SF,3,Long (10+),0.8125,48
2023,SF,3,Med-Short (3-5),0.8214285714285714,28
2023,SF,3,Medium (6-9),0.9512195121951219,41
2023,SF,3,Short (1-2),0.2857142857142857,42
2023,SF,4,Med-Short (3-5),1.0,2
2023,SF,4,Short (1-2),0.3333333333333333,3
2023,TB,1,Long (10+),0.4657534246575342,365
2023,TB,1,Med-Short (3-5),0.6,5
2023,TB,1,Medium (6-9),0.36363636363636365,11
2023,TB,1,Short (1-2),0.6,10
2023,TB,2,Long (10+),0.6632653061224489,98
2023,TB,2,Med-Short (3-5),0.5272727272727272,55
2023,TB,2,Medium (6-9),0.6370967741935484,124
2023,TB,2,Short (1-2),0.3793103448275862,29
2023,TB,3,Long (10+),0.9107142857142857,56
2023,TB,3,Med-Short (3-5),0.8793103448275862,58
2023,TB,3,Medium (6-9),0.873015873015873,63
2023,TB,3,Short (1-2),0.3076923076923077,26
2023,TB,4,Long (10+),1.0,1
2023,TB,4,Med-Short (3-5),1.0,1
2023,TB,4,Short (1-2),0.0,8
2023,TEN,1,Long (10+),0.47619047619047616,336
2023,TEN,1,Med-Short (3-5),0.2,5
2023,TEN,1,Medium (6-9),0.14285714285714285,7
2023,TEN,1,Short (1-2),0.0,4
2023,TEN,2,Long (10+),0.5980392156862745,102
2023,TEN,2,Med-Short (3-5),0.3076923076923077,52
2023,TEN,2,Medium (6-9),0.5955056179775281,89
2023,TEN,2,Short (1-2),0.18181818181818182,22
2023,TEN,3,Long (10+),0.8367346938775511,49
2023,TEN,3,Med-Short (3-5),0.8048780487804879,41
2023,TEN,3,Medium (6-9),0.9310344827586207,58
2023,TEN,3,Short (1-2),0.39285714285714285,28
2023,TEN,4,Long (10+),0.0,2
2023,TEN,4,Med-Short (3-5),1.0,3
2023,TEN,4,Short (1-2),0.2222222222222222,9
2023,WAS,1,Long (10+),0.5964912280701754,342
2023,WAS,1,Med-Short (3-5),0.6666666666666666,9
2023,WAS,1,Medium (6-9),0.6,5
2023,WAS,1,Short (1-2),0.5,6
2023,WAS,2,Long (10+),0.7473684210526316,95
2023,WAS,2,Med-Short (3-5),0.603448275862069,58
2023,WAS,2,Medium (6-9),0.6506024096385542,83
2023,WAS,2,Short (1-2),0.40540540540540543,37
2023,WAS,3,Long (10+),0.8666666666666667,45
2023,WAS,3,Med-Short (3-5),0.8461538461538461,39
2023,WAS,3,Medium (6-9),0.9230769230769231,39
2023,WAS,3,Short (1-2),0.47368421052631576,38
2023,WAS,4,Long (10+),0.0,1
2023,WAS,4,Med-Short (3-5),1.0,1
2023,WAS,4,Medium (6-9),1.0,1
2023,WAS,4,Short (1-2),0.7142857142857143,14
2024,ARI,1,Long (10+),0.5145348837209303,344
2024,ARI,1,Med-Short (3-5),0.4444444444444444,9
2024,ARI,1,Medium (6-9),0.42857142857142855,7
2024,ARI,1,Short (1-2),0.5555555555555556,9
2024,ARI,2,Long (10+),0.6630434782608695,92
2024,ARI,2,Med-Short (3-5),0.5964912280701754,57
2024,ARI,2,Medium (6-9),0.6867469879518072,83
2024,ARI,2,Short (1-2),0.32142857142857145,28
2024,ARI,3,Long (10+),0.6857142857142857,35
2024,ARI,3,Med-Short (3-5),0.7878787878787878,33
2024,ARI,3,Medium (6-9),0.8260869565217391,46
2024,ARI,3,Short (1-2),0.45161290322580644,31
2024,ARI,4,Long (10+),1.0,2
2024,ARI,4,Med-Short (3-5),0.5,2
2024,ARI,4,Medium (6-9),1.0,2
2024,ARI,4,Short (1-2),0.42857142857142855,7
2024,ATL,1,Long (10+),0.43478260869565216,391
2024,ATL,1,Med-Short (3-5),0.125,8
2024,ATL,1,Medium (6-9),0.07692307692307693,13
2024,ATL,1,Short (1-2),0.0,4
2024,ATL,2,Long (10+),0.9019607843137255,102
2024,ATL,2,Med-Short (3-5),0.3835616438356164,73
2024,ATL,2,Medium (6-9),0.6907216494845361,97
2024,ATL,2,Short (1-2),0.18421052631578946,38
2024,ATL,3,Long (10+),0.9148936170212766,47
2024,ATL,3,Med-Short (3-5),0.8695652173913043,46
2024,ATL,3,Medium (6-9),0.9795918367346939,49
2024,ATL,3,Short (1-2),0.22857142857142856,35
2024,ATL,4,Long (10+),1.0,3
2024,ATL,4,Med-Short (3-5),1.0,11
2024,ATL,4,Short (1-2),0.38461538461538464,13
2024,BAL,1,Long (10+),0.4381443298969072,388
2024,BAL,1,Med-Short (3-5),0.0,6
2024,BAL,1,Medium (6-9),0.4166666666666667,12
2024,BAL,1,Short (1-2),0.16666666666666666,6
2024,BAL,2,Long (10+),0.6320754716981132,106
2024,BAL,2,Med-Short (3-5),0.2727272727272727,55
2024,BAL,2,Medium (6-9),0.6326530612244898,98
2024,BAL,2,Short (1-2),0.32,25
2024,BAL,3,Long (10+),0.9787234042553191,47
2024,BAL,3,Med-Short (3-5),0.7777777777777778,36
2024,BAL,3,Medium (6-9),0.9024390243902439,41
2024,BAL,3,Short (1-2),0.09375,32
2024,BAL,4,Long (10+),1.0,2
2024,BAL,4,Med-Short (3-5),1.0,1
2024,BAL,4,Short (1-2),0.125,8
2024,BUF,1,Long (10+),0.43315508021390375,374
2024,BUF,1,Med-Short (3-5),0.18181818181818182,11
2024,BUF,1,Medium (6-9),0.2631578947368421,19
2024,BUF,1,Short (1-2),0.0,4
2024,BUF,2,Long (10+),0.7857142857142857,98
2024,BUF,2,Med-Short (3-5),0.38461538461538464,65
2024,BUF,2,Medium (6-9),0.6981132075471698,106
2024,BUF,2,Short (1-2),0.18181818181818182,44
2024,BUF,3,Long (10+),0.9285714285714286,42
2024,BUF,3,Med-Short (3-5),0.7567567567567568,37
2024,BUF,3,Medium (6-9),0.9454545454545454,55
2024,BUF,3,Short (1-2),0.28888888888888886,45
2024,BUF,4,Med-Short (3-5),1.0,8
2024,BUF,4,Short (1-2),0.2222222222222222,18
2024,CAR,1,Long (10+),0.4212328767123288,292
2024,CAR,1,Med-Short (3-5),0.2857142857142857,7
2024,CAR,1,Medium (6-9),0.5,6
2024,CAR,1,Short (1-2),0.2,5
2024,CAR,2,Long (10+),0.7012987012987013,77
2024,CAR,2,Med-Short (3-5),0.5535714285714286,56
2024,CAR,2,Medium (6-9),0.6025641025641025,78
2024,CAR,2,Short (1-2),0.2727272727272727,22
2024,CAR,3,Long (10+),0.9117647058823529,34
2024,CAR,3,Med-Short (3-5),0.851063829787234,47
2024,CAR,3,Medium (6-9),0.868421052631579,38
2024,CAR,3,Short (1-2),0.48484848484848486,33
2024,CAR,4,Med-Short (3-5),1.0,3
2024,CAR,4,Medium (6-9),1.0,2
2024,CAR,4,Short (1-2),0.4444444444444444,9
2024,CHI,1,Long (10+),0.4542372881355932,295
2024,CHI,1,Med-Short (3-5),0.125,8
2024,CHI,1,Medium (6-9),0.0,2
2024,CHI,1,Short (1-2),0.5,6
2024,CHI,2,Long (10+),0.7526881720430108,93
2024,CHI,2,Med-Short (3-5),0.39622641509433965,53
2024,CHI,2,Medium (6-9),0.5764705882352941,85
2024,CHI,2,Short (1-2),0.3333333333333333,27
2024,CHI,3,Long (10+),0.9387755102040817,49
2024,CHI,3,Med-Short (3-5),0.85,40
2024,CHI,3,Medium (6-9),0.9375,48
2024,CHI,3,Short (1-2),0.3333333333333333,30
2024,CHI,4,Long (10+),1.0,1
2024,CHI,4,Med-Short (3-5),0.8333333333333334,6
2024,CHI,4,Short (1-2),0.3333333333333333,12
2024,CIN,1,Long (10+),0.5540540540540541,370
2024,CIN,1,Med-Short (3-5),0.6153846153846154,13
2024,CIN,1,Medium (6-9),0.5,14
2024,CIN,1,Short (1-2),0.4,10
2024,CIN,2,Long (10+),0.8888888888888888,81
2024,CIN,2,Med-Short (3-5),0.6301369863013698,73
2024,CIN,2,Medium (6-9),0.90625,96
2024,CIN,2,Short (1-2),0.38095238095238093,42
2024,CIN,3,Long (10+),0.9166666666666666,36
2024,CIN,3,Med-Short (3-5),0.9512195121951219,41
2024,CIN,3,Medium (6-9),0.8571428571428571,49
2024,CIN,3,Short (1-2),0.6666666666666666,48
2024,CIN,4,Med-Short (3-5),1.0,6
2024,CIN,4,Short (1-2),0.8,10
2024,CLE,1,Long (10+),0.5607476635514018,321
2024,CLE,1,Med-Short (3-5),0.6666666666666666,3
2024,CLE,1,Medium (6-9),0.4,10
2024,CLE,1,Short (1-2),0.25,4
2024,CLE,2,Long (10+),0.672566371681416,113
2024,CLE,2,Med-Short (3-5),0.375,48
2024,CLE,2,Medium (6-9),0.6785714285714286,84
2024,CLE,2,Short (1-2),0.30434782608695654,23
2024,CLE,3,Long (10+),0.9365079365079365,63
2024,CLE,3,Med-Short (3-5),0.7727272727272727,44
2024,CLE,3,Medium (6-9),0.8780487804878049,41
2024,CLE,3,Short (1-2),0.21739130434782608,23
2024,CLE,4,Med-Short (3-5),1.0,5
2024,CLE,4,Short (1-2),0.23529411764705882,17
2024,DAL,1,Long (10+),0.5438066465256798,331
2024,DAL,1,Med-Short (3-5),0.2857142857142857,7
2024,DAL,1,Medium (6-9),0.14285714285714285,7
2024,DAL,1,Short (1-2),0.0,3
2024,DAL,2,Long (10+),0.6565656565656566,99
2024,DAL,2,Med-Short (3-5),0.5384615384615384,52
2024,DAL,2,Medium (6-9),0.6091954022988506,87
2024,DAL,2,Short (1-2),0.28,25
2024,DAL,3,Long (10+),0.8809523809523809,42
2024,DAL,3,Med-Short (3-5),0.851063829787234,47
2024,DAL,3,Medium (6-9),0.8478260869565217,46
2024,DAL,3,Short (1-2),0.36363636363636365,33
2024,DAL,4,Long (10+),1.0,1
2024,DAL,4,Med-Short (3-5),1.0,1
2024,DAL,4,Medium (6-9),1.0,2
2024,DAL,4,Short (1-2),0.4,10
2024,DEN,1,Long (10+),0.47058823529411764,306
2024,DEN,1,Med-Short (3-5),0.14285714285714285,7
2024,DEN,1,Medium (6-9),0.5714285714285714,7
2024,DEN,1,Short (1-2),0.4,5
2024,DEN,2,Long (10+),0.7333333333333333,75
2024,DEN,2,Med-Short (3-5),0.39215686274509803,51
2024,DEN,2,Medium (6-9),0.6568627450980392,102
2024,DEN,2,Short (1-2),0.25806451612903225,31
2024,DEN,3,Long (10+),0.9761904761904762,42
2024,DEN,3,Med-Short (3-5),0.8378378378378378,37
2024,DEN,3,Medium (6-9),0.8703703703703703,54
2024,DEN,3,Short (1-2),0.5121951219512195,41
2024,DEN,4,Med-Short (3-5),1.0,1
2024,DEN,4,Medium (6-9),1.0,2
2024,DEN,4,Short (1-2),0.25,8
2024,DET,1,Long (10+),0.47126436781609193,348
2024,DET,1,Med-Short (3-5),0.36363636363636365,11
2024,DET,1,Medium (6-9),0.4,15
2024,DET,1,Short (1-2),0.2857142857142857,7
2024,DET,2,Long (10+),0.7023809523809523,84
2024,DET,2,Med-Short (3-5),0.5306122448979592,49
2024,DET,2,Medium (6-9),0.4725274725274725,91
2024,DET,2,Short (1-2),0.5348837209302325,43
2024,DET,3,Long (10+),0.88,25
2024,DET,3,Med-Short (3-5),0.723404255319149,47
2024,DET,3,Medium (6-9),0.8260869565217391,46
2024,DET,3,Short (1-2),0.41935483870967744,31
2024,DET,4,Long (10+),1.0,2
2024,DET,4,Med-Short (3-5),1.0,7
2024,DET,4,Medium (6-9),0.5,2
2024,DET,4,Short (1-2),0.23076923076923078,13
2024,GB,1,Long (10+),0.38513513513513514,296
2024,GB,1,Med-Short (3-5),0.18181818181818182,11
2024,GB,1,Medium (6-9),0.07142857142857142,14
2024,GB,1,Short (1-2),0.1111111111111111,9
2024,GB,2,Long (10+),0.6710526315789473,76
2024,GB,2,Med-Short (3-5),0.3684210526315789,57
2024,GB,2,Medium (6-9),0.5340909090909091,88
2024,GB,2,Short (1-2),0.23076923076923078,26
2024,GB,3,Long (10+),0.8709677419354839,31
2024,GB,3,Med-Short (3-5),0.8048780487804879,41
2024,GB,3,Medium (6-9),0.9090909090909091,33
2024,GB,3,Short (1-2),0.32,25
2024,GB,4,Med-Short (3-5),0.0,1
2024,GB,4,Medium (6-9),0.0,1
2024,GB,4,Short (1-2),0.42857142857142855,7
2024,HOU,1,Long (10+),0.4876237623762376,404
2024,HOU,1,Med-Short (3-5),0.14285714285714285,7
2024,HOU,1,Medium (6-9),0.2857142857142857,7
2024,HOU,1,Short (1-2),0.0,3
2024,HOU,2,Long (10+),0.7213114754098361,122
2024,HOU,2,Med-Short (3-5),0.4222222222222222,45
2024,HOU,2,Medium (6-9),0.5338983050847458,118
2024,HOU,2,Short (1-2),0.3870967741935484,31
2024,HOU,3,Long (10+),0.8378378378378378,74
2024,HOU,3,Med-Short (3-5),0.875,48
2024,HOU,3,Medium (6-9),0.96,50
2024,HOU,3,Short (1-2),0.5675675675675675,37
2024,HOU,4,Long (10+),1.0,1
2024,HOU,4,Med-Short (3-5),1.0,3
2024,HOU,4,Short (1-2),0.5714285714285714,7
2024,IND,1,Long (10+),0.42857142857142855,371
2024,IND,1,Med-Short (3-5),0.0,8
2024,IND,1,Medium (6-9),0.3,10
2024,IND,1,Short (1-2),0.0,3
2024,IND,2,Long (10+),0.803921568627451,102
2024,IND,2,Med-Short (3-5),0.175,40
2024,IND,2,Medium (6-9),0.580952380952381,105
2024,IND,2,Short (1-2),0.18181818181818182,33
2024,IND,3,Long (10+),0.8260869565217391,46
2024,IND,3,Med-Short (3-5),0.7111111111111111,45
2024,IND,3,Medium (6-9),0.8596491228070176,57
2024,IND,3,Short (1-2),0.2222222222222222,36
2024,IND,4,Med-Short (3-5),0.75,8
2024,IND,4,Short (1-2),0.45454545454545453,11
2024,JAX,1,Long (10+),0.4603174603174603,315
2024,JAX,1,Med-Short (3-5),0.375,8
2024,JAX,1,Medium (6-9),0.3333333333333333,9
2024,JAX,1,Short (1-2),0.14285714285714285,7
2024,JAX,2,Long (10+),0.7738095238095238,84
2024,JAX,2,Med-Short (3-5),0.5434782608695652,46
2024,JAX,2,Medium (6-9),0.696078431372549,102
2024,JAX,2,Short (1-2),0.21428571428571427,28
2024,JAX,3,Long (10+),0.851063829787234,47
2024,JAX,3,Med-Short (3-5),0.8157894736842105,38
2024,JAX,3,Medium (6-9),0.9024390243902439,41
2024,JAX,3,Short (1-2),0.358974358974359,39
2024,JAX,4,Long (10+),1.0,2
2024,JAX,4,Short (1-2),0.2222222222222222,9
2024,KC,1,Long (10+),0.5274463007159904,419
2024,KC,1,Med-Short (3-5),0.15384615384615385,13
2024,KC,1,Medium (6-9),0.6153846153846154,13
2024,KC,1,Short (1-2),0.14285714285714285,7
2024,KC,2,Long (10+),0.7904761904761904,105
2024,KC,2,Med-Short (3-5),0.5789473684210527,95
2024,KC,2,Medium (6-9),0.6534653465346535,101
2024,KC,2,Short (1-2),0.41304347826086957,46
2024,KC,3,Long (10+),0.9,50
2024,KC,3,Med-Short (3-5),0.8253968253968254,63
2024,KC,3,Medium (6-9),0.8571428571428571,42
2024,KC,3,Short (1-2),0.49019607843137253,51
2024,KC,4,Short (1-2),0.13333333333333333,15
2024,LA,1,Long (10+),0.5328282828282829,396
2024,LA,1,Med-Short (3-5),0.25,12
2024,LA,1,Medium (6-9),0.5789473684210527,19
2024,LA,1,Short (1-2),0.16666666666666666,6
2024,LA,2,Long (10+),0.65,120
2024,LA,2,Med-Short (3-5),0.4936708860759494,79
2024,LA,2,Medium (6-9),0.6746987951807228,83
2024,LA,2,Short (1-2),0.3181818181818182,44
2024,LA,3,Long (10+),0.7777777777777778,45
2024,LA,3,Med-Short (3-5),0.8703703703703703,54
2024,LA,3,Medium (6-9),0.9767441860465116,43
2024,LA,3,Short (1-2),0.38636363636363635,44
2024,LA,4,Long (10+),1.0,1
2024,LA,4,Med-Short (3-5),1.0,6
2024,LA,4,Medium (6-9),0.5,2
2024,LA,4,Short (1-2),0.09090909090909091,11
2024,LAC,1,Long (10+),0.47246376811594204,345
2024,LAC,1,Med-Short (3-5),0.4,5
2024,LAC,1,Medium (6-9),0.25,8
2024,LAC,1,Short (1-2),0.0,1
2024,LAC,2,Long (10+),0.8369565217391305,92
2024,LAC,2,Med-Short (3-5),0.37037037037037035,54
2024,LAC,2,Medium (6-9),0.78,100
2024,LAC,2,Short (1-2),0.045454545454545456,22
2024,LAC,3,Long (10+),0.7333333333333333,45
2024,LAC,3,Med-Short (3-5),0.8648648648648649,37
2024,LAC,3,Medium (6-9),1.0,49
2024,LAC,3,Short (1-2),0.15217391304347827,46
2024,LAC,4,Long (10+),1.0,1
2024,LAC,4,Med-Short (3-5),1.0,3
2024,LAC,4,Medium (6-9),0.0,1
2024,LAC,4,Short (1-2),0.2857142857142857,7
2024,LV,1,Long (10+),0.5355029585798816,338
2024,LV,1,Med-Short (3-5),0.5,10
2024,LV,1,Medium (6-9),0.4,10
2024,LV,1,Short (1-2),0.25,8
2024,LV,2,Long (10+),0.6767676767676768,99
2024,LV,2,Med-Short (3-5),0.4878048780487805,41
2024,LV,2,Medium (6-9),0.5980392156862745,102
2024,LV,2,Short (1-2),0.23333333333333334,30
2024,LV,3,Long (10+),0.7674418604651163,43
2024,LV,3,Med-Short (3-5),0.7719298245614035,57
2024,LV,3,Medium (6-9),0.8518518518518519,54
2024,LV,3,Short (1-2),0.4166666666666667,24
2024,LV,4,Med-Short (3-5),1.0,4
2024,LV,4,Short (1-2),0.14285714285714285,7
2024,MIA,1,Long (10+),0.44751381215469616,362
2024,MIA,1,Med-Short (3-5),0.18181818181818182,11
2024,MIA,1,Medium (6-9),0.16666666666666666,12
2024,MIA,1,Short (1-2),0.3333333333333333,3
2024,MIA,2,Long (10+),0.7410714285714286,112
2024,MIA,2,Med-Short (3-5),0.5555555555555556,63
2024,MIA,2,Medium (6-9),0.6511627906976745,86
2024,MIA,2,Short (1-2),0.3448275862068966,29
2024,MIA,3,Long (10+),0.8913043478260869,46
2024,MIA,3,Med-Short (3-5),0.8095238095238095,42
2024,MIA,3,Medium (6-9),0.9024390243902439,41
2024,MIA,3,Short (1-2),0.42857142857142855,35
2024,MIA,4,Long (10+),0.0,1
2024,MIA,4,Med-Short (3-5),0.8,5
2024,MIA,4,Medium (6-9),1.0,1
2024,MIA,4,Short (1-2),0.75,8
2024,MIN,1,Long (10+),0.45132743362831856,339
2024,MIN,1,Med-Short (3-5),0.46153846153846156,13
2024,MIN,1,Medium (6-9),0.5,10
2024,MIN,1,Short (1-2),0.25,4
2024,MIN,2,Long (10+),0.7340425531914894,94
2024,MIN,2,Med-Short (3-5),0.5,56
2024,MIN,2,Medium (6-9),0.8061224489795918,98
2024,MIN,2,Short (1-2),0.28125,32
2024,MIN,3,Long (10+),0.9302325581395349,43
2024,MIN,3,Med-Short (3-5),0.972972972972973,37
2024,MIN,3,Medium (6-9),0.9591836734693877,49
2024,MIN,3,Short (1-2),0.56,25
2024,MIN,4,Med-Short (3-5),1.0,4
2024,MIN,4,Short (1-2),0.6666666666666666,6
2024,NE,1,Long (10+),0.402555910543131,313
2024,NE,1,Med-Short (3-5),0.3333333333333333,6
2024,NE,1,Medium (6-9),0.375,8
2024,NE,1,Short (1-2),0.4,5
2024,NE,2,Long (10+),0.6914893617021277,94
2024,NE,2,Med-Short (3-5),0.4230769230769231,52
2024,NE,2,Medium (6-9),0.6593406593406593,91
2024,NE,2,Short (1-2),0.35714285714285715,28
2024,NE,3,Long (10+),0.9230769230769231,39
2024,NE,3,Med-Short (3-5),0.8260869565217391,46
2024,NE,3,Medium (6-9),0.9090909090909091,44
2024,NE,3,Short (1-2),0.42424242424242425,33
2024,NE,4,Long (10+),1.0,1
2024,NE,4,Short (1-2),0.0,7
2024,NO,1,Long (10+),0.4807692307692308,312
2024,NO,1,Med-Short (3-5),0.0,7
2024,NO,1,Medium (6-9),0.0,5
2024,NO,1,Short (1-2),0.0,2
2024,NO,2,Long (10+),0.7087378640776699,103
2024,NO,2,Med-Short (3-5),0.4107142857142857,56
2024,NO,2,Medium (6-9),0.6024096385542169,83
2024,NO,2,Short (1-2),0.3181818181818182,22
2024,NO,3,Long (10+),0.7872340425531915,47
2024,NO,3,Med-Short (3-5),0.7659574468085106,47
2024,NO,3,Medium (6-9),0.975,40
2024,NO,3,Short (1-2),0.36666666666666664,30
2024,NO,4,Med-Short (3-5),0.75,4
2024,NO,4,Medium (6-9),1.0,1
2024,NO,4,Short (1-2),0.25,12
2024,NYG,1,Long (10+),0.5348101265822784,316
2024,NYG,1,Med-Short (3-5),0.5,6
2024,NYG,1,Medium (6-9),0.6666666666666666,3
2024,NYG,1,Short (1-2),0.14285714285714285,7
2024,NYG,2,Long (10+),0.5977011494252874,87
2024,NYG,2,Med-Short (3-5),0.37037037037037035,54
2024,NYG,2,Medium (6-9),0.4891304347826087,92
2024,NYG,2,Short (1-2),0.25,16
2024,NYG,3,Long (10+),0.8409090909090909,44
2024,NYG,3,Med-Short (3-5),0.8297872340425532,47
2024,NYG,3,Medium (6-9),0.8823529411764706,51
2024,NYG,3,Short (1-2),0.3611111111111111,36
2024,NYG,4,Long (10+),0.0,1
2024,NYG,4,Med-Short (3-5),0.75,4
2024,NYG,4,Medium (6-9),1.0,4
2024,NYG,4,Short (1-2),0.3157894736842105,19
2024,NYJ,1,Long (10+),0.49570200573065903,349
2024,NYJ,1,Med-Short (3-5),0.7777777777777778,9
2024,NYJ,1,Medium (6-9),0.5,4
2024,NYJ,1,Short (1-2),0.6,5
2024,NYJ,2,Long (10+),0.7184466019417476,103
2024,NYJ,2,Med-Short (3-5),0.5,62
2024,NYJ,2,Medium (6-9),0.711340206185567,97
2024,NYJ,2,Short (1-2),0.44,25
2024,NYJ,3,Long (10+),0.9259259259259259,54
2024,NYJ,3,Med-Short (3-5),0.8888888888888888,36
2024,NYJ,3,Medium (6-9),0.9583333333333334,48
2024,NYJ,3,Short (1-2),0.5555555555555556,36
2024,NYJ,4,Long (10+),1.0,2
2024,NYJ,4,Med-Short (3-5),0.8333333333333334,6
2024,NYJ,4,Short (1-2),0.6,10
2024,PHI,1,Long (10+),0.372960372960373,429
2024,PHI,1,Med-Short (3-5),0.0,7
2024,PHI,1,Medium (6-9),0.1111111111111111,9
2024,PHI,1,Short (1-2),0.0,8
2024,PHI,2,Long (10+),0.6016949152542372,118
2024,PHI,2,Med-Short (3-5),0.3018867924528302,53
2024,PHI,2,Medium (6-9),0.6825396825396826,126
2024,PHI,2,Short (1-2),0.391304347826087,46
2024,PHI,3,Long (10+),0.7288135593220338,59
2024,PHI,3,Med-Short (3-5),0.6666666666666666,60
2024,PHI,3,Medium (6-9),0.819672131147541,61
2024,PHI,3,Short (1-2),0.2,40
2024,PHI,4,Med-Short (3-5),0.8888888888888888,9
2024,PHI,4,Medium (6-9),0.5,2
2024,PHI,4,Short (1-2),0.4166666666666667,12
2024,PIT,1,Long (10+),0.42016806722689076,357
2024,PIT,1,Med-Short (3-5),0.125,8
2024,PIT,1,Medium (6-9),0.0,5
2024,PIT,1,Short (1-2),0.3333333333333333,6
2024,PIT,2,Long (10+),0.6578947368421053,114
2024,PIT,2,Med-Short (3-5),0.46296296296296297,54
2024,PIT,2,Medium (6-9),0.5636363636363636,110
2024,PIT,2,Short (1-2),0.34615384615384615,26
2024,PIT,3,Long (10+),0.9074074074074074,54
2024,PIT,3,Med-Short (3-5),0.8372093023255814,43
2024,PIT,3,Medium (6-9),0.8148148148148148,54
2024,PIT,3,Short (1-2),0.43902439024390244,41
2024,PIT,4,Long (10+),1.0,3
2024,PIT,4,Medium (6-9),1.0,1
2024,PIT,4,Short (1-2),0.09090909090909091,11
2024,SEA,1,Long (10+),0.5823529411764706,340
2024,SEA,1,Med-Short (3-5),0.38461538461538464,13
2024,SEA,1,Medium (6-9),0.3333333333333333,6
2024,SEA,1,Short (1-2),0.125,8
2024,SEA,2,Long (10+),0.7254901960784313,102
2024,SEA,2,Med-Short (3-5),0.45161290322580644,62
2024,SEA,2,Medium (6-9),0.68,75
2024,SEA,2,Short (1-2),0.28,25
2024,SEA,3,Long (10+),0.8333333333333334,48
2024,SEA,3,Med-Short (3-5),0.8604651162790697,43
2024,SEA,3,Medium (6-9),0.9545454545454546,44
2024,SEA,3,Short (1-2),0.4838709677419355,31
2024,SEA,4,Medium (6-9),1.0,1
2024,SEA,4,Short (1-2),0.18181818181818182,11
2024,SF,1,Long (10+),0.5198776758409785,327
2024,SF,1,Med-Short (3-5),0.45454545454545453,11
2024,SF,1,Medium (6-9),0.21428571428571427,14
2024,SF,1,Short (1-2),0.0,4
2024,SF,2,Long (10+),0.6197183098591549,71
2024,SF,2,Med-Short (3-5),0.4716981132075472,53
2024,SF,2,Medium (6-9),0.5806451612903226,93
2024,SF,2,Short (1-2),0.38461538461538464,26
2024,SF,3,Long (10+),0.7428571428571429,35
2024,SF,3,Med-Short (3-5),0.7777777777777778,45
2024,SF,3,Medium (6-9),0.9302325581395349,43
2024,SF,3,Short (1-2),0.3076923076923077,26
2024,SF,4,Long (10+),1.0,1
2024,SF,4,Med-Short (3-5),1.0,2
2024,SF,4,Short (1-2),0.25,8
2024,TB,1,Long (10+),0.4822888283378747,367
2024,TB,1,Med-Short (3-5),0.375,8
2024,TB,1,Medium (6-9),0.36363636363636365,11
2024,TB,1,Short (1-2),0.5,12
2024,TB,2,Long (10+),0.6222222222222222,90
2024,TB,2,Med-Short (3-5),0.4492753623188406,69
2024,TB,2,Medium (6-9),0.6823529411764706,85
2024,TB,2,Short (1-2),0.42857142857142855,28
2024,TB,3,Long (10+),0.8611111111111112,36
2024,TB,3,Med-Short (3-5),0.8085106382978723,47
2024,TB,3,Medium (6-9),0.8524590163934426,61
2024,TB,3,Short (1-2),0.3103448275862069,29
2024,TB,4,Med-Short (3-5),0.5,2
2024,TB,4,Medium (6-9),1.0,2
2024,TB,4,Short (1-2),0.16666666666666666,6
2024,TEN,1,Long (10+),0.39171974522292996,314
2024,TEN,1,Med-Short (3-5),0.4,5
2024,TEN,1,Medium (6-9),0.25,8
2024,TEN,1,Short (1-2),0.5,2
2024,TEN,2,Long (10+),0.7555555555555555,90
2024,TEN,2,Med-Short (3-5),0.28888888888888886,45
2024,TEN,2,Medium (6-9),0.5806451612903226,93
2024,TEN,2,Short (1-2),0.30434782608695654,23
2024,TEN,3,Long (10+),0.7708333333333334,48
2024,TEN,3,Med-Short (3-5),0.7777777777777778,45
2024,TEN,3,Medium (6-9),0.9230769230769231,39
2024,TEN,3,Short (1-2),0.3225806451612903,31
2024,TEN,4,Long (10+),1.0,3
2024,TEN,4,Med-Short (3-5),1.0,3
2024,TEN,4,Short (1-2),0.42857142857142855,7
2024,WAS,1,Long (10+),0.44881889763779526,381
2024,WAS,1,Med-Short (3-5),0.36363636363636365,11
2024,WAS,1,Medium (6-9),0.16666666666666666,12
2024,WAS,1,Short (1-2),0.18181818181818182,11
2024,WAS,2,Long (10+),0.7478260869565218,115
2024,WAS,2,Med-Short (3-5),0.4142857142857143,70
2024,WAS,2,Medium (6-9),0.6530612244897959,98
2024,WAS,2,Short (1-2),0.15384615384615385,39
2024,WAS,3,Long (10+),0.7884615384615384,52
2024,WAS,3,Med-Short (3-5),0.82,50
2024,WAS,3,Medium (6-9),0.9333333333333333,45
2024,WAS,3,Short (1-2),0.3617021276595745,47
2024,WAS,4,Med-Short (3-5),0.75,8
2024,WAS,4,Medium (6-9),1.0,2
2024,WAS,4,Short (1-2),0.21052631578947367,19
2025,ARI,1,Long (10+),0.5728476821192053,302
2025,ARI,1,Med-Short (3-5),0.6666666666666666,6
2025,ARI,1,Medium (6-9),0.25,8
2025,ARI,1,Short (1-2),0.3333333333333333,6
2025,ARI,2,Long (10+),0.7282608695652174,92
2025,ARI,2,Med-Short (3-5),0.6136363636363636,44
2025,ARI,2,Medium (6-9),0.7142857142857143,84
2025,ARI,2,Short (1-2),0.32142857142857145,28
2025,ARI,3,Long (10+),0.8653846153846154,52
2025,ARI,3,Med-Short (3-5),0.8787878787878788,33
2025,ARI,3,Medium (6-9),0.9166666666666666,36
2025,ARI,3,Short (1-2),0.36666666666666664,30
2025,ARI,4,Long (10+),1.0,2
2025,ARI,4,Med-Short (3-5),1.0,3
2025,ARI,4,Medium (6-9),1.0,2
2025,ARI,4,Short (1-2),0.2,5
2025,ATL,1,Long (10+),0.42857142857142855,357
2025,ATL,1,Med-Short (3-5),0.5,8
2025,ATL,1,Medium (6-9),0.2222222222222222,9
2025,ATL,1,Short (1-2),0.2857142857142857,7
2025,ATL,2,Long (10+),0.8125,96
2025,ATL,2,Med-Short (3-5),0.37037037037037035,54
2025,ATL,2,Medium (6-9),0.6095238095238096,105
2025,ATL,2,Short (1-2),0.13793103448275862,29
2025,ATL,3,Long (10+),0.9285714285714286,42
2025,ATL,3,Med-Short (3-5),0.9130434782608695,46
2025,ATL,3,Medium (6-9),0.9387755102040817,49
2025,ATL,3,Short (1-2),0.28125,32
2025,ATL,4,Long (10+),1.0,1
2025,ATL,4,Med-Short (3-5),0.75,4
2025,ATL,4,Medium (6-9),1.0,2
2025,ATL,4,Short (1-2),0.3,10
2025,BAL,1,Long (10+),0.4391025641025641,312
2025,BAL,1,Med-Short (3-5),0.1,10
2025,BAL,1,Medium (6-9),0.0,9
2025,BAL,1,Short (1-2),0.3333333333333333,3
2025,BAL,2,Long (10+),0.7108433734939759,83
2025,BAL,2,Med-Short (3-5),0.19298245614035087,57
2025,BAL,2,Medium (6-9),0.4891304347826087,92
2025,BAL,2,Short (1-2),0.047619047619047616,21
2025,BAL,3,Long (10+),0.7419354838709677,31
2025,BAL,3,Med-Short (3-5),0.7608695652173914,46
2025,BAL,3,Medium (6-9),0.92,50
2025,BAL,3,Short (1-2),0.1794871794871795,39
2025,BAL,4,Med-Short (3-5),1.0,4
2025,BAL,4,Medium (6-9),1.0,1
2025,BAL,4,Short (1-2),0.5,10
2025,BUF,1,Long (10+),0.38144329896907214,388
2025,BUF,1,Med-Short (3-5),0.25,4
2025,BUF,1,Medium (6-9),0.3076923076923077,13
2025,BUF,1,Short (1-2),0.2,10
2025,BUF,2,Long (10+),0.8089887640449438,89
2025,BUF,2,Med-Short (3-5),0.4342105263157895,76
2025,BUF,2,Medium (6-9),0.7363636363636363,110
2025,BUF,2,Short (1-2),0.3157894736842105,38
2025,BUF,3,Long (10+),0.8823529411764706,34
2025,BUF,3,Med-Short (3-5),0.7380952380952381,42
2025,BUF,3,Medium (6-9),0.9152542372881356,59
2025,BUF,3,Short (1-2),0.19148936170212766,47
2025,BUF,4,Long (10+),1.0,1
2025,BUF,4,Med-Short (3-5),0.8888888888888888,9
2025,BUF,4,Medium (6-9),1.0,1
2025,BUF,4,Short (1-2),0.47058823529411764,17
2025,CAR,1,Long (10+),0.39825581395348836,344
2025,CAR,1,Med-Short (3-5),0.6666666666666666,9
2025,CAR,1,Medium (6-9),0.625,8
2025,CAR,1,Short (1-2),0.5,4
2025,CAR,2,Long (10+),0.6744186046511628,86
2025,CAR,2,Med-Short (3-5),0.417910447761194,67
2025,CAR,2,Medium (6-9),0.6767676767676768,99
2025,CAR,2,Short (1-2),0.38461538461538464,26
2025,CAR,3,Long (10+),0.7560975609756098,41
2025,CAR,3,Med-Short (3-5),0.6666666666666666,60
2025,CAR,3,Medium (6-9),0.9545454545454546,44
2025,CAR,3,Short (1-2),0.41935483870967744,31
2025,CAR,4,Long (10+),1.0,1
2025,CAR,4,Med-Short (3-5),1.0,10
2025,CAR,4,Short (1-2),0.3333333333333333,15
2025,CHI,1,Long (10+),0.5,424
2025,CHI,1,Med-Short (3-5),0.4444444444444444,9
2025,CHI,1,Medium (6-9),0.18181818181818182,11
2025,CHI,1,Short (1-2),0.6,5
2025,CHI,2,Long (10+),0.6567164179104478,134
2025,CHI,2,Med-Short (3-5),0.4266666666666667,75
2025,CHI,2,Medium (6-9),0.45918367346938777,98
2025,CHI,2,Short (1-2),0.6,30
2025,CHI,3,Long (10+),0.8571428571428571,49
2025,CHI,3,Med-Short (3-5),0.6301369863013698,73
2025,CHI,3,Medium (6-9),0.8958333333333334,48
2025,CHI,3,Short (1-2),0.22,50
2025,CHI,4,Med-Short (3-5),1.0,12
2025,CHI,4,Medium (6-9),1.0,1
2025,CHI,4,Short (1-2),0.5263157894736842,19
2025,CIN,1,Long (10+),0.5804597701149425,348
2025,CIN,1,Med-Short (3-5),0.2857142857142857,7
2025,CIN,1,Medium (6-9),0.6666666666666666,9
2025,CIN,1,Short (1-2),0.25,4
2025,CIN,2,Long (10+),0.7326732673267327,101
2025,CIN,2,Med-Short (3-5),0.5769230769230769,52
2025,CIN,2,Medium (6-9),0.7032967032967034,91
2025,CIN,2,Short (1-2),0.36666666666666664,30
2025,CIN,3,Long (10+),0.88,50
2025,CIN,3,Med-Short (3-5),0.9705882352941176,34
2025,CIN,3,Medium (6-9),0.9787234042553191,47
2025,CIN,3,Short (1-2),0.375,40
2025,CIN,4,Long (10+),1.0,1
2025,CIN,4,Med-Short (3-5),1.0,2
2025,CIN,4,Medium (6-9),1.0,1
2025,CIN,4,Short (1-2),0.375,8
2025,CLE,1,Long (10+),0.4702194357366771,319
2025,CLE,1,Med-Short (3-5),0.3333333333333333,6
2025,CLE,1,Medium (6-9),0.2,5
2025,CLE,1,Short (1-2),0.16666666666666666,6
2025,CLE,2,Long (10+),0.7105263157894737,114
2025,CLE,2,Med-Short (3-5),0.3023255813953488,43
2025,CLE,2,Medium (6-9),0.6111111111111112,90
2025,CLE,2,Short (1-2),0.18181818181818182,22
2025,CLE,3,Long (10+),0.8666666666666667,60
2025,CLE,3,Med-Short (3-5),0.7619047619047619,42
2025,CLE,3,Medium (6-9),0.9259259259259259,54
2025,CLE,3,Short (1-2),0.23333333333333334,30
2025,CLE,4,Med-Short (3-5),1.0,2
2025,CLE,4,Medium (6-9),1.0,2
2025,CLE,4,Short (1-2),0.16666666666666666,12
2025,DAL,1,Long (10+),0.481994459833795,361
2025,DAL,1,Med-Short (3-5),0.2,10
2025,DAL,1,Medium (6-9),0.14285714285714285,7
2025,DAL,1,Short (1-2),0.25,12
2025,DAL,2,Long (10+),0.6989247311827957,93
2025,DAL,2,Med-Short (3-5),0.4153846153846154,65
2025,DAL,2,Medium (6-9),0.7666666666666667,90
2025,DAL,2,Short (1-2),0.21875,32
2025,DAL,3,Long (10+),0.875,40
2025,DAL,3,Med-Short (3-5),0.9166666666666666,48
2025,DAL,3,Medium (6-9),0.972972972972973,37
2025,DAL,3,Short (1-2),0.53125,32
2025,DAL,4,Med-Short (3-5),0.875,8
2025,DAL,4,Short (1-2),0.6923076923076923,13
2025,DEN,1,Long (10+),0.5452261306532663,398
2025,DEN,1,Med-Short (3-5),0.18181818181818182,11
2025,DEN,1,Medium (6-9),0.2,10
2025,DEN,1,Short (1-2),0.0,4
2025,DEN,2,Long (10+),0.6935483870967742,124
2025,DEN,2,Med-Short (3-5),0.5873015873015873,63
2025,DEN,2,Medium (6-9),0.6019417475728155,103
2025,DEN,2,Short (1-2),0.2857142857142857,42
2025,DEN,3,Long (10+),0.9180327868852459,61
2025,DEN,3,Med-Short (3-5),0.8703703703703703,54
2025,DEN,3,Medium (6-9),0.9354838709677419,62
2025,DEN,3,Short (1-2),0.3617021276595745,47
2025,DEN,4,Med-Short (3-5),0.6666666666666666,3
2025,DEN,4,Short (1-2),0.6,10
2025,DET,1,Long (10+),0.5180722891566265,332
2025,DET,1,Med-Short (3-5),0.45454545454545453,11
2025,DET,1,Medium (6-9),0.625,8
2025,DET,1,Short (1-2),0.0,4
2025,DET,2,Long (10+),0.7252747252747253,91
2025,DET,2,Med-Short (3-5),0.5454545454545454,44
2025,DET,2,Medium (6-9),0.532608695652174,92
2025,DET,2,Short (1-2),0.23333333333333334,30
2025,DET,3,Long (10+),0.9565217391304348,46
2025,DET,3,Med-Short (3-5),0.6808510638297872,47
2025,DET,3,Medium (6-9),0.9534883720930233,43
2025,DET,3,Short (1-2),0.39285714285714285,28
2025,DET,4,Med-Short (3-5),0.8888888888888888,9
2025,DET,4,Short (1-2),0.5833333333333334,12
2025,GB,1,Long (10+),0.45576407506702415,373
2025,GB,1,Med-Short (3-5),0.16666666666666666,12
2025,GB,1,Medium (6-9),0.14285714285714285,7
2025,GB,1,Short (1-2),0.3333333333333333,3
2025,GB,2,Long (10+),0.7752808988764045,89
2025,GB,2,Med-Short (3-5),0.3194444444444444,72
2025,GB,2,Medium (6-9),0.6636363636363637,110
2025,GB,2,Short (1-2),0.24,25
2025,GB,3,Long (10+),0.9302325581395349,43
2025,GB,3,Med-Short (3-5),0.7894736842105263,38
2025,GB,3,Medium (6-9),0.8431372549019608,51
2025,GB,3,Short (1-2),0.30612244897959184,49
2025,GB,4,Med-Short (3-5),1.0,5
2025,GB,4,Medium (6-9),1.0,4
2025,GB,4,Short (1-2),0.5,14
2025,HOU,1,Long (10+),0.4628712871287129,404
2025,HOU,1,Med-Short (3-5),0.125,8
2025,HOU,1,Medium (6-9),0.25,8
2025,HOU,1,Short (1-2),0.14285714285714285,7
2025,HOU,2,Long (10+),0.708029197080292,137
2025,HOU,2,Med-Short (3-5),0.4857142857142857,70
2025,HOU,2,Medium (6-9),0.7909090909090909,110
2025,HOU,2,Short (1-2),0.17647058823529413,34
2025,HOU,3,Long (10+),0.8153846153846154,65
2025,HOU,3,Med-Short (3-5),0.8867924528301887,53
2025,HOU,3,Medium (6-9),0.9245283018867925,53
2025,HOU,3,Short (1-2),0.3191489361702128,47
2025,HOU,4,Med-Short (3-5),1.0,1
2025,HOU,4,Short (1-2),0.3076923076923077,13
2025,IND,1,Long (10+),0.503030303030303,330
2025,IND,1,Med-Short (3-5),0.2222222222222222,9
2025,IND,1,Medium (6-9),0.4444444444444444,9
2025,IND,1,Short (1-2),0.2857142857142857,7
2025,IND,2,Long (10+),0.9010989010989011,91
2025,IND,2,Med-Short (3-5),0.3829787234042553,47
2025,IND,2,Medium (6-9),0.6373626373626373,91
2025,IND,2,Short (1-2),0.11428571428571428,35
2025,IND,3,Long (10+),0.7567567567567568,37
2025,IND,3,Med-Short (3-5),0.74,50
2025,IND,3,Medium (6-9),0.8837209302325582,43
2025,IND,3,Short (1-2),0.3548387096774194,31
2025,IND,4,Long (10+),1.0,1
2025,IND,4,Med-Short (3-5),1.0,2
2025,IND,4,Medium (6-9),1.0,1
2025,IND,4,Short (1-2),0.25,16
2025,JAX,1,Long (10+),0.49127906976744184,344
2025,JAX,1,Med-Short (3-5),0.2727272727272727,11
2025,JAX,1,Medium (6-9),0.5454545454545454,11
2025,JAX,1,Short (1-2),0.0,4
2025,JAX,2,Long (10+),0.7029702970297029,101
2025,JAX,2,Med-Short (3-5),0.5333333333333333,60
2025,JAX,2,Medium (6-9),0.7391304347826086,92
2025,JAX,2,Short (1-2),0.38461538461538464,26
2025,JAX,3,Long (10+),0.8666666666666667,45
2025,JAX,3,Med-Short (3-5),0.717391304347826,46
2025,JAX,3,Medium (6-9),0.8837209302325582,43
2025,JAX,3,Short (1-2),0.2857142857142857,28
2025,JAX,4,Med-Short (3-5),1.0,2
2025,JAX,4,Short (1-2),0.07692307692307693,13
2025,KC,1,Long (10+),0.5254237288135594,354
2025,KC,1,Med-Short (3-5),0.14285714285714285,7
2025,KC,1,Medium (6-9),0.3684210526315789,19
2025,KC,1,Short (1-2),0.25,4
2025,KC,2,Long (10+),0.7959183673469388,98
2025,KC,2,Med-Short (3-5),0.546875,64
2025,KC,2,Medium (6-9),0.7575757575757576,99
2025,KC,2,Short (1-2),0.1935483870967742,31
2025,KC,3,Long (10+),0.8409090909090909,44
2025,KC,3,Med-Short (3-5),0.8367346938775511,49
2025,KC,3,Medium (6-9),0.8974358974358975,39
2025,KC,3,Short (1-2),0.40425531914893614,47
2025,KC,4,Med-Short (3-5),1.0,6
2025,KC,4,Medium (6-9),1.0,1
2025,KC,4,Short (1-2),0.3888888888888889,18
2025,LA,1,Long (10+),0.5296912114014252,421
2025,LA,1,Med-Short (3-5),0.4666666666666667,15
2025,LA,1,Medium (6-9),0.5333333333333333,15
2025,LA,1,Short (1-2),0.4444444444444444,9
2025,LA,2,Long (10+),0.8260869565217391,115
2025,LA,2,Med-Short (3-5),0.5280898876404494,89
2025,LA,2,Medium (6-9),0.72,100
2025,LA,2,Short (1-2),0.38235294117647056,34
2025,LA,3,Long (10+),0.9047619047619048,42
2025,LA,3,Med-Short (3-5),0.8863636363636364,44
2025,LA,3,Medium (6-9),1.0,43
2025,LA,3,Short (1-2),0.5686274509803921,51
2025,LA,4,Med-Short (3-5),1.0,7
2025,LA,4,Medium (6-9),1.0,1
2025,LA,4,Short (1-2),0.25,20
2025,LAC,1,Long (10+),0.4606741573033708,356
2025,LAC,1,Med-Short (3-5),0.2222222222222222,9
2025,LAC,1,Medium (6-9),0.0,5
2025,LAC,1,Short (1-2),0.25,4
2025,LAC,2,Long (10+),0.8118811881188119,101
2025,LAC,2,Med-Short (3-5),0.5555555555555556,63
2025,LAC,2,Medium (6-9),0.7217391304347827,115
2025,LAC,2,Short (1-2),0.21428571428571427,28
2025,LAC,3,Long (10+),0.8837209302325582,43
2025,LAC,3,Med-Short (3-5),0.9122807017543859,57
2025,LAC,3,Medium (6-9),0.8596491228070176,57
2025,LAC,3,Short (1-2),0.2857142857142857,49
2025,LAC,4,Short (1-2),0.375,8
2025,LV,1,Long (10+),0.5229681978798587,283
2025,LV,1,Med-Short (3-5),0.0,3
2025,LV,1,Medium (6-9),0.4,5
2025,LV,1,Short (1-2),0.5,2
2025,LV,2,Long (10+),0.6153846153846154,91
2025,LV,2,Med-Short (3-5),0.5116279069767442,43
2025,LV,2,Medium (6-9),0.6142857142857143,70
2025,LV,2,Short (1-2),0.47619047619047616,21
2025,LV,3,Long (10+),0.86,50
2025,LV,3,Med-Short (3-5),0.8928571428571429,28
2025,LV,3,Medium (6-9),0.9761904761904762,42
2025,LV,3,Short (1-2),0.38461538461538464,39
2025,LV,4,Med-Short (3-5),0.8333333333333334,6
2025,LV,4,Medium (6-9),1.0,1
2025,LV,4,Short (1-2),0.42857142857142855,7
2025,MIA,1,Long (10+),0.4339622641509434,265
2025,MIA,1,Med-Short (3-5),0.5454545454545454,11
2025,MIA,1,Medium (6-9),0.2222222222222222,9
2025,MIA,1,Short (1-2),0.0,1
2025,MIA,2,Long (10+),0.6455696202531646,79
2025,MIA,2,Med-Short (3-5),0.35555555555555557,45
2025,MIA,2,Medium (6-9),0.625,72
2025,MIA,2,Short (1-2),0.375,24
2025,MIA,3,Long (10+),0.9047619047619048,42
2025,MIA,3,Med-Short (3-5),0.8518518518518519,27
2025,MIA,3,Medium (6-9),0.8837209302325582,43
2025,MIA,3,Short (1-2),0.20833333333333334,24
2025,MIA,4,Long (10+),1.0,1
2025,MIA,4,Med-Short (3-5),1.0,3
2025,MIA,4,Medium (6-9),1.0,1
2025,MIA,4,Short (1-2),0.6,5
2025,MIN,1,Long (10+),0.4726027397260274,292
2025,MIN,1,Med-Short (3-5),0.5,8
2025,MIN,1,Medium (6-9),0.75,4
2025,MIN,1,Short (1-2),0.6666666666666666,3
2025,MIN,2,Long (10+),0.6447368421052632,76
2025,MIN,2,Med-Short (3-5),0.46938775510204084,49
2025,MIN,2,Medium (6-9),0.7159090909090909,88
2025,MIN,2,Short (1-2),0.391304347826087,23
2025,MIN,3,Long (10+),0.8648648648648649,37
2025,MIN,3,Med-Short (3-5),1.0,30
2025,MIN,3,Medium (6-9),0.8163265306122449,49
2025,MIN,3,Short (1-2),0.3235294117647059,34
2025,MIN,4,Med-Short (3-5),1.0,2
2025,MIN,4,Short (1-2),0.2222222222222222,9
2025,NE,1,Long (10+),0.4577114427860697,402
2025,NE,1,Med-Short (3-5),0.2727272727272727,11
2025,NE,1,Medium (6-9),0.125,16
2025,NE,1,Short (1-2),0.5,8
2025,NE,2,Long (10+),0.8113207547169812,106
2025,NE,2,Med-Short (3-5),0.391304347826087,69
2025,NE,2,Medium (6-9),0.5966386554621849,119
2025,NE,2,Short (1-2),0.15789473684210525,38
2025,NE,3,Long (10+),0.9259259259259259,54
2025,NE,3,Med-Short (3-5),0.8958333333333334,48
2025,NE,3,Medium (6-9),0.8596491228070176,57
2025,NE,3,Short (1-2),0.375,40
2025,NE,4,Long (10+),1.0,2
2025,NE,4,Med-Short (3-5),1.0,5
2025,NE,4,Medium (6-9),0.0,1
2025,NE,4,Short (1-2),0.4666666666666667,15
2025,NO,1,Long (10+),0.46546546546546547,333
2025,NO,1,Med-Short (3-5),0.375,8
2025,NO,1,Medium (6-9),0.14285714285714285,7
2025,NO,1,Short (1-2),0.0,1
2025,NO,2,Long (10+),0.7912087912087912,91
2025,NO,2,Med-Short (3-5),0.39215686274509803,51
2025,NO,2,Medium (6-9),0.7037037037037037,108
2025,NO,2,Short (1-2),0.28,25
2025,NO,3,Long (10+),1.0,40
2025,NO,3,Med-Short (3-5),0.75,40
2025,NO,3,Medium (6-9),0.9111111111111111,45
2025,NO,3,Short (1-2),0.2619047619047619,42
2025,NO,4,Med-Short (3-5),1.0,3
2025,NO,4,Short (1-2),0.3333333333333333,15
2025,NYG,1,Long (10+),0.48405797101449277,345
2025,NYG,1,Med-Short (3-5),0.2222222222222222,9
2025,NYG,1,Medium (6-9),0.42857142857142855,7
2025,NYG,1,Short (1-2),0.2857142857142857,7
2025,NYG,2,Long (10+),0.631578947368421,95
2025,NYG,2,Med-Short (3-5),0.3389830508474576,59
2025,NYG,2,Medium (6-9),0.49,100
2025,NYG,2,Short (1-2),0.10344827586206896,29
2025,NYG,3,Long (10+),0.8490566037735849,53
2025,NYG,3,Med-Short (3-5),0.675,40
2025,NYG,3,Medium (6-9),0.8775510204081632,49
2025,NYG,3,Short (1-2),0.4,30
2025,NYG,4,Long (10+),0.5,4
2025,NYG,4,Med-Short (3-5),1.0,9
2025,NYG,4,Medium (6-9),1.0,1
2025,NYG,4,Short (1-2),0.5555555555555556,9
2025,NYJ,1,Long (10+),0.42641509433962266,265
2025,NYJ,1,Med-Short (3-5),0.6666666666666666,3
2025,NYJ,1,Medium (6-9),0.16666666666666666,6
2025,NYJ,1,Short (1-2),0.0,2
2025,NYJ,2,Long (10+),0.64,75
2025,NYJ,2,Med-Short (3-5),0.3333333333333333,54
2025,NYJ,2,Medium (6-9),0.4444444444444444,72
2025,NYJ,2,Short (1-2),0.15384615384615385,13
2025,NYJ,3,Long (10+),0.7142857142857143,35
2025,NYJ,3,Med-Short (3-5),0.7027027027027027,37
2025,NYJ,3,Medium (6-9),0.86,50
2025,NYJ,3,Short (1-2),0.17647058823529413,34
2025,NYJ,4,Med-Short (3-5),1.0,3
2025,NYJ,4,Medium (6-9),1.0,1
2025,NYJ,4,Short (1-2),0.3333333333333333,9
2025,PHI,1,Long (10+),0.48695652173913045,345
2025,PHI,1,Med-Short (3-5),0.2,10
2025,PHI,1,Medium (6-9),0.2,5
2025,PHI,1,Short (1-2),0.25,8
2025,PHI,2,Long (10+),0.6581196581196581,117
2025,PHI,2,Med-Short (3-5),0.5161290322580645,62
2025,PHI,2,Medium (6-9),0.5714285714285714,84
2025,PHI,2,Short (1-2),0.38235294117647056,34
2025,PHI,3,Long (10+),0.7846153846153846,65
2025,PHI,3,Med-Short (3-5),0.7,40
2025,PHI,3,Medium (6-9),0.9,50
2025,PHI,3,Short (1-2),0.28,25
2025,PHI,4,Long (10+),1.0,1
2025,PHI,4,Med-Short (3-5),0.8333333333333334,6
2025,PHI,4,Medium (6-9),1.0,1
2025,PHI,4,Short (1-2),0.2727272727272727,11
2025,PIT,1,Long (10+),0.5071225071225072,351
2025,PIT,1,Med-Short (3-5),0.375,8
2025,PIT,1,Medium (6-9),0.3,10
2025,PIT,1,Short (1-2),0.25,8
2025,PIT,2,Long (10+),0.7652173913043478,115
2025,PIT,2,Med-Short (3-5),0.29310344827586204,58
2025,PIT,2,Medium (6-9),0.7333333333333333,90
2025,PIT,2,Short (1-2),0.2413793103448276,29
2025,PIT,3,Long (10+),1.0,58
2025,PIT,3,Med-Short (3-5),0.8666666666666667,45
2025,PIT,3,Medium (6-9),0.8695652173913043,46
2025,PIT,3,Short (1-2),0.4,45
2025,PIT,4,Long (10+),1.0,1
2025,PIT,4,Med-Short (3-5),1.0,2
2025,PIT,4,Medium (6-9),1.0,3
2025,PIT,4,Short (1-2),0.23076923076923078,13
2025,SEA,1,Long (10+),0.4985835694050991,353
2025,SEA,1,Med-Short (3-5),0.2222222222222222,9
2025,SEA,1,Medium (6-9),0.4,10
2025,SEA,1,Short (1-2),0.2,5
2025,SEA,2,Long (10+),0.6422018348623854,109
2025,SEA,2,Med-Short (3-5),0.3404255319148936,47
2025,SEA,2,Medium (6-9),0.6222222222222222,90
2025,SEA,2,Short (1-2),0.32142857142857145,28
2025,SEA,3,Long (10+),0.7555555555555555,45
2025,SEA,3,Med-Short (3-5),0.7567567567567568,37
2025,SEA,3,Medium (6-9),0.9607843137254902,51
2025,SEA,3,Short (1-2),0.3076923076923077,39
2025,SEA,4,Med-Short (3-5),1.0,2
2025,SEA,4,Short (1-2),0.375,8
2025,SF,1,Long (10+),0.529126213592233,412
2025,SF,1,Med-Short (3-5),0.1111111111111111,9
2025,SF,1,Medium (6-9),0.375,16
2025,SF,1,Short (1-2),0.4,5
2025,SF,2,Long (10+),0.7311827956989247,93
2025,SF,2,Med-Short (3-5),0.34375,64
2025,SF,2,Medium (6-9),0.6639344262295082,122
2025,SF,2,Short (1-2),0.30303030303030304,33
2025,SF,3,Long (10+),0.8717948717948718,39
2025,SF,3,Med-Short (3-5),0.8518518518518519,54
2025,SF,3,Medium (6-9),0.94,50
2025,SF,3,Short (1-2),0.25,44
2025,SF,4,Med-Short (3-5),1.0,2
2025,SF,4,Short (1-2),0.4666666666666667,15
2025,TB,1,Long (10+),0.44886363636363635,352
2025,TB,1,Med-Short (3-5),0.3333333333333333,6
2025,TB,1,Medium (6-9),0.3333333333333333,9
2025,TB,1,Short (1-2),0.4,10
2025,TB,2,Long (10+),0.7010309278350515,97
2025,TB,2,Med-Short (3-5),0.36363636363636365,66
2025,TB,2,Medium (6-9),0.75,96
2025,TB,2,Short (1-2),0.3793103448275862,29
2025,TB,3,Long (10+),0.8163265306122449,49
2025,TB,3,Med-Short (3-5),0.8108108108108109,37
2025,TB,3,Medium (6-9),0.8148148148148148,54
2025,TB,3,Short (1-2),0.25,44
2025,TB,4,Long (10+),0.5,2
2025,TB,4,Med-Short (3-5),1.0,2
2025,TB,4,Short (1-2),0.25,12
2025,TEN,1,Long (10+),0.4490566037735849,265
2025,TEN,1,Med-Short (3-5),0.0,1
2025,TEN,1,Medium (6-9),0.2222222222222222,9
2025,TEN,1,Short (1-2),1.0,2
2025,TEN,2,Long (10+),0.6578947368421053,76
2025,TEN,2,Med-Short (3-5),0.39473684210526316,38
2025,TEN,2,Medium (6-9),0.7142857142857143,98
2025,TEN,2,Short (1-2),0.2,15
2025,TEN,3,Long (10+),0.8809523809523809,42
2025,TEN,3,Med-Short (3-5),0.8,40
2025,TEN,3,Medium (6-9),0.9787234042553191,47
2025,TEN,3,Short (1-2),0.2857142857142857,28
2025,TEN,4,Med-Short (3-5),1.0,1
2025,TEN,4,Short (1-2),0.5,8
2025,WAS,1,Long (10+),0.3979933110367893,299
2025,WAS,1,Med-Short (3-5),0.0,6
2025,WAS,1,Medium (6-9),0.125,8
2025,WAS,1,Short (1-2),0.0,5
2025,WAS,2,Long (10+),0.7272727272727273,77
2025,WAS,2,Med-Short (3-5),0.3508771929824561,57
2025,WAS,2,Medium (6-9),0.7160493827160493,81
2025,WAS,2,Short (1-2),0.2413793103448276,29
2025,WAS,3,Long (10+),0.8292682926829268,41
2025,WAS,3,Med-Short (3-5),0.8055555555555556,36
2025,WAS,3,Medium (6-9),0.8611111111111112,36
2025,WAS,3,Short (1-2),0.2857142857142857,28
2025,WAS,4,Med-Short (3-5),1.0,4
2025,WAS,4,Medium (6-9),1.0,2
2025,WAS,4,Short (1-2),0.8,10
