season,posteam,game_script,pass_rate,epa,success,plays
2023,ARI,Leading (1-7),0.5181818181818182,-0.12308119152902279,0.41818181818181815,110
2023,ARI,Leading (8+),0.5,-0.10495424636605638,0.4444444444444444,18
2023,ARI,Tied,0.507177033492823,-0.08798146141096204,0.3875598086124402,209
2023,ARI,Trailing (1-7),0.5612244897959183,-0.15534035054668016,0.3843537414965986,294
2023,ARI,Trailing (8+),0.47297297297297297,0.20958602734428705,0.4594594594594595,148
2023,ATL,Leading (1-7),0.4909090909090909,-0.09549667547741887,0.39545454545454545,220
2023,ATL,Leading (8+),0.5714285714285714,-0.4175485303858295,0.2857142857142857,7
2023,ATL,Tied,0.5238095238095238,-0.17974581521616795,0.38961038961038963,231
2023,ATL,Trailing (1-7),0.5214521452145214,-0.0008742468728638565,0.429042904290429,303
2023,ATL,Trailing (8+),0.49693251533742333,-0.08071230791470643,0.4110429447852761,163
2023,BAL,Leading (1-7),0.5127388535031847,-0.027797872074542162,0.44904458598726116,314
2023,BAL,Leading (8+),0.5714285714285714,0.06676836729838258,0.5119047619047619,84
2023,BAL,Tied,0.5402843601895735,0.03698768072788174,0.5023696682464455,211
2023,BAL,Trailing (1-7),0.6041666666666666,0.18847307142242745,0.5104166666666666,192
2023,BUF,Leading (1-7),0.5966386554621849,0.05860166918171047,0.4789915966386555,238
2023,BUF,Leading (8+),0.5161290322580645,0.24916320197515313,0.5161290322580645,62
2023,BUF,Tied,0.5774647887323944,0.08324482808679716,0.4788732394366197,213
2023,BUF,Trailing (1-7),0.5486381322957199,0.041290311155047936,0.5058365758754864,257
2023,BUF,Trailing (8+),0.6288659793814433,0.20537623944841,0.5463917525773195,97
2023,CAR,Leading (1-7),0.5729166666666666,-0.2859091537099171,0.3229166666666667,96
2023,CAR,Tied,0.5294117647058824,-0.3753735878983762,0.3058823529411765,170
2023,CAR,Trailing (1-7),0.5674300254452926,-0.1797835081775953,0.35368956743002544,393
2023,CAR,Trailing (8+),0.5221238938053098,-0.005643656969183584,0.43805309734513276,226
2023,CHI,Leading (1-7),0.4880952380952381,-0.04118684368838579,0.40476190476190477,168
2023,CHI,Leading (8+),0.46774193548387094,0.08907000978022904,0.46774193548387094,62
2023,CHI,Tied,0.5289256198347108,0.06986920705152946,0.43388429752066116,242
2023,CHI,Trailing (1-7),0.5458515283842795,-0.05436908781940696,0.45414847161572053,229
2023,CHI,Trailing (8+),0.49230769230769234,-0.20589257561553304,0.35384615384615387,65
2023,CIN,Leading (1-7),0.6322869955156951,-0.010325409988888588,0.39461883408071746,223
2023,CIN,Leading (8+),0.7,-1.0449373546172864,0.3,10
2023,CIN,Tied,0.6203703703703703,0.15790760792829592,0.48148148148148145,216
2023,CIN,Trailing (1-7),0.6813186813186813,0.04326757274921982,0.4835164835164835,273
2023,CIN,Trailing (8+),0.6785714285714286,-0.09956365532873791,0.4166666666666667,84
2023,CLE,Leading (1-7),0.563265306122449,-0.1813354409352968,0.363265306122449,245
2023,CLE,Leading (8+),0.6206896551724138,-0.32125968017197887,0.41379310344827586,29
2023,CLE,Tied,0.595,-0.19229848496160196,0.41,200
2023,CLE,Trailing (1-7),0.5734767025089605,-0.10110988081357514,0.4050179211469534,279
2023,CLE,Trailing (8+),0.5887096774193549,0.05955377165506608,0.4112903225806452,124
2023,DAL,Leading (1-7),0.6231884057971014,0.11637880733806165,0.4830917874396135,207
2023,DAL,Leading (8+),0.6226415094339622,0.11493927219419081,0.41509433962264153,53
2023,DAL,Tied,0.6038647342995169,0.198873533798401,0.5169082125603864,207
2023,DAL,Trailing (1-7),0.656934306569343,0.08251374392272226,0.4744525547445255,137
2023,DAL,Trailing (8+),0.5851851851851851,0.12814689970696916,0.4740740740740741,135
2023,DEN,Leading (1-7),0.5060240963855421,-0.040666559171493345,0.41365461847389556,249
2023,DEN,Leading (8+),0.625,-0.05436929986050624,0.4166666666666667,48
2023,DEN,Tied,0.5056818181818182,-0.07177568829068895,0.42045454545454547,176
2023,DEN,Trailing (1-7),0.672514619883041,-0.22164321081909094,0.3684210526315789,171
2023,DEN,Trailing (8+),0.5811965811965812,0.07030640558236201,0.47863247863247865,117
2023,DET,Leading (1-7),0.568,0.12832607916957106,0.46,250
2023,DET,Leading (8+),0.609375,-0.14410933210776242,0.390625,64
2023,DET,Tied,0.5569620253164557,0.21416104269566916,0.48523206751054854,237
2023,DET,Trailing (1-7),0.5549132947976878,0.07160030105064677,0.5317919075144508,173
2023,DET,Trailing (8+),0.59375,-0.24568076526884397,0.375,64
2023,GB,Leading (1-7),0.5776699029126213,0.20852942550997186,0.4854368932038835,206
2023,GB,Leading (8+),0.5263157894736842,-0.06756627921896334,0.40350877192982454,57
2023,GB,Tied,0.5125,0.02300898318527385,0.45625,160
2023,GB,Trailing (1-7),0.6083916083916084,0.037761058318163274,0.4405594405594406,286
2023,GB,Trailing (8+),0.6336633663366337,0.07326538414003506,0.4158415841584158,101
2023,HOU,Leading (1-7),0.535,-0.04756788383389109,0.44,200
2023,HOU,Leading (8+),0.65625,0.07176337921980223,0.390625,64
2023,HOU,Tied,0.55,-0.026953100104708083,0.385,200
2023,HOU,Trailing (1-7),0.6133828996282528,0.022752717644310236,0.4275092936802974,269
2023,HOU,Trailing (8+),0.5483870967741935,0.05863443961978063,0.4731182795698925,93
2023,IND,Leading (1-7),0.5739130434782609,-0.024008670409363206,0.391304347826087,230
2023,IND,Leading (8+),0.5675675675675675,0.043860326430609775,0.4594594594594595,37
2023,IND,Tied,0.5458937198067633,-0.05697804086291237,0.43478260869565216,207
2023,IND,Trailing (1-7),0.5547945205479452,-0.00013124597386042586,0.4178082191780822,292
2023,IND,Trailing (8+),0.5052631578947369,0.12415045412153819,0.45263157894736844,95
2023,JAX,Leading (1-7),0.581081081081081,-0.08934343946000699,0.481981981981982,222
2023,JAX,Leading (8+),0.6623376623376623,-0.07694084442021308,0.35064935064935066,77
2023,JAX,Tied,0.551219512195122,0.08749017515546305,0.43902439024390244,205
2023,JAX,Trailing (1-7),0.6049382716049383,-0.11964649856858874,0.43209876543209874,162
2023,JAX,Trailing (8+),0.6620689655172414,-0.13614704294317023,0.43448275862068964,145
2023,KC,Leading (1-7),0.5793103448275863,-0.022984927177374024,0.39655172413793105,290
2023,KC,Leading (8+),0.71875,-0.13826642943877232,0.375,32
2023,KC,Tied,0.6425339366515838,0.12397154231300614,0.48868778280542985,221
2023,KC,Trailing (1-7),0.6958762886597938,-0.059055550263986546,0.4072164948453608,194
2023,KC,Trailing (8+),0.6016260162601627,0.186804762407783,0.5284552845528455,123
2023,LA,Leading (1-7),0.5502645502645502,0.015521509930772094,0.43386243386243384,189
2023,LA,Leading (8+),0.6176470588235294,0.25804905053984806,0.5294117647058824,34
2023,LA,Tied,0.583710407239819,0.14408999000119685,0.5067873303167421,221
2023,LA,Trailing (1-7),0.5938461538461538,0.03798678893833524,0.44,325
2023,LA,Trailing (8+),0.6060606060606061,-0.05489974042559968,0.4696969696969697,66
2023,LAC,Leading (1-7),0.5595238095238095,-0.032474268080946965,0.39285714285714285,168
2023,LAC,Leading (8+),0.7297297297297297,-0.054413918976597864,0.43243243243243246,37
2023,LAC,Tied,0.5887445887445888,-0.1221430268936814,0.38095238095238093,231
2023,LAC,Trailing (1-7),0.6363636363636364,-0.00844834721623606,0.44385026737967914,374
2023,LAC,Trailing (8+),0.6494845360824743,0.007718411036656853,0.4742268041237113,97
2023,LV,Leading (1-7),0.5421686746987951,-0.01069664067449444,0.40963855421686746,166
2023,LV,Leading (8+),0.42857142857142855,-0.3792164234632981,0.23809523809523808,21
2023,LV,Tied,0.6038647342995169,-0.0015165927523796373,0.4057971014492754,207
2023,LV,Trailing (1-7),0.5934959349593496,-0.24189378743665677,0.37398373983739835,246
2023,LV,Trailing (8+),0.5777777777777777,-0.10100483311982265,0.4888888888888889,90
2023,MIA,Leading (1-7),0.6269430051813472,0.176038433448258,0.5025906735751295,193
2023,MIA,Leading (8+),0.5555555555555556,-0.17749643325028866,0.4222222222222222,45
2023,MIA,Tied,0.5885416666666666,0.16396333223358073,0.484375,192
2023,MIA,Trailing (1-7),0.6719367588932806,0.12487925308763653,0.4743083003952569,253
2023,MIA,Trailing (8+),0.7333333333333333,-0.06584527525313509,0.6333333333333333,30
2023,MIN,Leading (1-7),0.6519337016574586,0.10056809578712893,0.4198895027624309,181
2023,MIN,Leading (8+),0.625,0.14158322553460798,0.5,24
2023,MIN,Tied,0.5901639344262295,-0.22256402699074337,0.4180327868852459,244
2023,MIN,Trailing (1-7),0.6507936507936508,-0.1007168814622915,0.44126984126984126,315
2023,MIN,Trailing (8+),0.6842105263157895,0.14548599768522963,0.43859649122807015,114
2023,NE,Leading (1-7),0.5181818181818182,-0.08007164528713367,0.38181818181818183,110
2023,NE,Leading (8+),0.6136363636363636,-0.05139730218797922,0.29545454545454547,44
2023,NE,Tied,0.550561797752809,-0.2904541041687189,0.3707865168539326,178
2023,NE,Trailing (1-7),0.6129032258064516,-0.21210624297033698,0.3870967741935484,372
2023,NE,Trailing (8+),0.6344827586206897,-0.008766524580891593,0.45517241379310347,145
2023,NO,Leading (1-7),0.6232876712328768,0.03031406356245024,0.4246575342465753,146
2023,NO,Leading (8+),0.5454545454545454,0.059740601563595265,0.42424242424242425,33
2023,NO,Tied,0.5714285714285714,-0.023878279502316187,0.43956043956043955,182
2023,NO,Trailing (1-7),0.5878136200716846,-0.03752752721159953,0.43727598566308246,279
2023,NO,Trailing (8+),0.5797872340425532,-0.04837442398429389,0.4095744680851064,188
2023,NYG,Leading (1-7),0.48366013071895425,-0.1620475490674772,0.3790849673202614,153
2023,NYG,Leading (8+),0.7777777777777778,0.3790386105603021,0.5555555555555556,9
2023,NYG,Tied,0.5373134328358209,-0.2541390109219104,0.34328358208955223,201
2023,NYG,Trailing (1-7),0.5714285714285714,-0.08085659125096543,0.4166666666666667,252
2023,NYG,Trailing (8+),0.5245901639344263,-0.48884552643565465,0.2786885245901639,122
2023,NYJ,Leading (1-7),0.4406779661016949,-0.2700257448346454,0.3135593220338983,118
2023,NYJ,Leading (8+),0.5,1.0585637936019339,0.6666666666666666,6
2023,NYJ,Tied,0.581081081081081,-0.29933775322223544,0.30405405405405406,148
2023,NYJ,Trailing (1-7),0.6508474576271186,-0.27474984201656283,0.3559322033898305,295
2023,NYJ,Trailing (8+),0.6492146596858639,-0.13110552352202104,0.3717277486910995,191
2023,PHI,Leading (1-7),0.5306859205776173,-0.06508638740261345,0.4259927797833935,277
2023,PHI,Leading (8+),0.6379310344827587,0.0378653535143681,0.5,58
2023,PHI,Tied,0.5411764705882353,0.18129834552357077,0.48627450980392156,255
2023,PHI,Trailing (1-7),0.5555555555555556,0.18757070589774438,0.5120772946859904,207
2023,PHI,Trailing (8+),0.5977011494252874,0.18424219546820184,0.4367816091954023,87
2023,PIT,Leading (1-7),0.46875,-0.211640939980036,0.33125,160
2023,PIT,Leading (8+),0.6,0.9124241649638861,0.8,5
2023,PIT,Tied,0.47280334728033474,0.059046567324158514,0.5104602510460251,239
2023,PIT,Trailing (1-7),0.5451388888888888,-0.09346235003045095,0.3958333333333333,288
2023,PIT,Trailing (8+),0.6,-0.15466015762846877,0.3826086956521739,115
2023,SEA,Leading (1-7),0.5721925133689839,0.007126815949900942,0.42780748663101603,187
2023,SEA,Leading (8+),0.47058823529411764,-0.21978757387664025,0.29411764705882354,34
2023,SEA,Tied,0.5743589743589743,0.08450904784719898,0.49230769230769234,195
2023,SEA,Trailing (1-7),0.6683168316831684,0.08147787433037026,0.4381188118811881,404
2023,SEA,Trailing (8+),0.5925925925925926,-0.05767023896070138,0.48148148148148145,54
2023,SF,Leading (1-7),0.5259259259259259,0.2144451815159194,0.5222222222222223,270
2023,SF,Leading (8+),0.6708860759493671,0.5896446595358419,0.5569620253164557,79
2023,SF,Tied,0.521505376344086,0.22761520062222138,0.5483870967741935,186
2023,SF,Trailing (1-7),0.6260162601626016,-0.013795729846990491,0.4634146341463415,123
2023,SF,Trailing (8+),0.5454545454545454,0.24832823819227884,0.6363636363636364,33
2023,TB,Leading (1-7),0.5248868778280543,0.03672532180899794,0.3936651583710407,221
2023,TB,Leading (8+),0.4642857142857143,-0.30479638417308147,0.25,28
2023,TB,Tied,0.603448275862069,-0.13938676043757153,0.3793103448275862,232
2023,TB,Trailing (1-7),0.5992647058823529,0.054833722043644006,0.4117647058823529,272
2023,TB,Trailing (8+),0.6181818181818182,-0.052707305677778135,0.38181818181818183,55
2023,TEN,Leading (1-7),0.5028901734104047,-0.041639047848980794,0.37572254335260113,173
2023,TEN,Leading (8+),0.5,-0.07153694552026638,0.4166666666666667,36
2023,TEN,Tied,0.5568627450980392,-0.054321727153485044,0.39215686274509803,255
2023,TEN,Trailing (1-7),0.5536912751677853,0.016563929743726166,0.4228187919463087,298
2023,TEN,Trailing (8+),0.6222222222222222,-0.1819584747519644,0.3333333333333333,45
2023,WAS,Leading (1-7),0.6423357664233577,-0.11868835103903666,0.3722627737226277,137
2023,WAS,Leading (8+),0.6923076923076923,-0.48998936366898793,0.23076923076923078,13
2023,WAS,Tied,0.657608695652174,-0.030104808035304513,0.41304347826086957,184
2023,WAS,Trailing (1-7),0.6688963210702341,-0.0026397963889154778,0.46488294314381273,299
2023,WAS,Trailing (8+),0.6166666666666667,-0.23559050013112043,0.4111111111111111,180
2024,ARI,Leading (1-7),0.5578231292517006,0.10963259190623417,0.46258503401360546,147
2024,ARI,Leading (8+),0.6060606060606061,0.3584835132668642,0.5454545454545454,33
2024,ARI,Tied,0.5833333333333334,0.1037899226810463,0.46078431372549017,204
2024,ARI,Trailing (1-7),0.5695067264573991,-0.049105544486429786,0.42152466367713004,223
2024,ARI,Trailing (8+),0.6222222222222222,0.02896104339748291,0.5,180
2024,ATL,Leading (1-7),0.4947916666666667,-0.11499821937383647,0.4427083333333333,192
2024,ATL,Leading (8+),0.43478260869565216,0.07138142706119212,0.43478260869565216,23
2024,ATL,Tied,0.5478260869565217,0.05762240280281846,0.4826086956521739,230
2024,ATL,Trailing (1-7),0.6243654822335025,0.11836431450348393,0.4949238578680203,394
2024,ATL,Trailing (8+),0.5164835164835165,0.2260500357748576,0.5494505494505495,91
2024,BAL,Leading (1-7),0.4824120603015075,0.3327272446918931,0.5226130653266332,199
2024,BAL,Leading (8+),0.5540540540540541,0.2219443670304876,0.4864864864864865,74
2024,BAL,Tied,0.5,0.15677725102342915,0.49047619047619045,210
2024,BAL,Trailing (1-7),0.5945945945945946,0.08827368781892164,0.46396396396396394,222
2024,BAL,Trailing (8+),0.5526315789473685,0.463144285958829,0.6052631578947368,76
2024,BUF,Leading (1-7),0.5584415584415584,0.19596282734728976,0.48917748917748916,231
2024,BUF,Leading (8+),0.5714285714285714,0.7693482120203936,0.6571428571428571,35
2024,BUF,Tied,0.591715976331361,0.03177213343071499,0.44970414201183434,169
2024,BUF,Trailing (1-7),0.5289256198347108,0.16684896791706122,0.49173553719008267,242
2024,BUF,Trailing (8+),0.5316455696202531,0.3391026693183386,0.5443037974683544,79
2024,CAR,Leading (1-7),0.5092592592592593,-0.02118732159230262,0.4074074074074074,108
2024,CAR,Leading (8+),0.6842105263157895,-0.21215312858112156,0.3157894736842105,19
2024,CAR,Tied,0.5256410256410257,0.10915138794142094,0.45726495726495725,234
2024,CAR,Trailing (1-7),0.5921052631578947,-0.05442869613340638,0.39035087719298245,228
2024,CAR,Trailing (8+),0.5833333333333334,-0.025589485975353987,0.44166666666666665,120
2024,CHI,Leading (1-7),0.5238095238095238,0.12721654109396233,0.5079365079365079,126
2024,CHI,Leading (8+),0.6666666666666666,0.4353727122458319,0.3333333333333333,3
2024,CHI,Tied,0.5470085470085471,-0.26928217662899684,0.3247863247863248,117
2024,CHI,Trailing (1-7),0.5814606741573034,-0.1771472993546349,0.3848314606741573,356
2024,CHI,Trailing (8+),0.6078431372549019,-0.1523189418894218,0.39215686274509803,153
2024,CIN,Leading (1-7),0.7164750957854407,-0.02350036095902705,0.4521072796934866,261
2024,CIN,Leading (8+),0.6071428571428571,0.22970525982340664,0.5357142857142857,28
2024,CIN,Tied,0.6740506329113924,0.2160308175223715,0.5031645569620253,316
2024,CIN,Trailing (1-7),0.65625,0.20005229745523176,0.5044642857142857,224
2024,CIN,Trailing (8+),0.6833333333333333,-0.09576545743069523,0.55,60
2024,CLE,Leading (1-7),0.5360824742268041,-0.36610254818819216,0.29896907216494845,97
2024,CLE,Leading (8+),0.875,-0.3600448419807178,0.25,8
2024,CLE,Tied,0.5376344086021505,-0.1617494630220268,0.3763440860215054,186
2024,CLE,Trailing (1-7),0.6363636363636364,-0.13213854468878114,0.36666666666666664,330
2024,CLE,Trailing (8+),0.6685393258426966,-0.23185647679921606,0.3595505617977528,178
2024,DAL,Leading (1-7),0.595,0.01953147113936372,0.455,200
2024,DAL,Leading (8+),0.6060606060606061,0.033877819120050334,0.5151515151515151,33
2024,DAL,Tied,0.608433734939759,-0.12623072112716469,0.39759036144578314,166
2024,DAL,Trailing (1-7),0.5571428571428572,-0.045752414860499614,0.44285714285714284,280
2024,DAL,Trailing (8+),0.6666666666666666,-0.11503334471570899,0.37719298245614036,114
2024,DEN,Leading (1-7),0.5683060109289617,0.1088579479635501,0.3770491803278688,183
2024,DEN,Leading (8+),0.6986301369863014,0.1804209108307149,0.5068493150684932,73
2024,DEN,Tied,0.5891089108910891,-0.024611770949317158,0.4405940594059406,202
2024,DEN,Trailing (1-7),0.5714285714285714,-0.10156807233290542,0.41013824884792627,217
2024,DEN,Trailing (8+),0.4925373134328358,-0.040742858997809564,0.40298507462686567,67
2024,DET,Leading (1-7),0.5255813953488372,0.12152003402895904,0.4883720930232558,215
2024,DET,Leading (8+),0.5978260869565217,0.1905980291519716,0.5434782608695652,92
2024,DET,Tied,0.48175182481751827,0.1953385659727977,0.5474452554744526,137
2024,DET,Trailing (1-7),0.5836909871244635,0.11509736400746519,0.4978540772532189,233
2024,DET,Trailing (8+),0.5257731958762887,0.2375757394786972,0.4742268041237113,97
2024,GB,Leading (1-7),0.503448275862069,0.112408397518961,0.4482758620689655,145
2024,GB,Leading (8+),0.40425531914893614,0.13953544141364013,0.425531914893617,94
2024,GB,Tied,0.4406779661016949,0.05068779257083424,0.480225988700565,177
2024,GB,Trailing (1-7),0.4975845410628019,0.1245167418248319,0.45893719806763283,207
2024,GB,Trailing (8+),0.5918367346938775,0.17958191200611393,0.5102040816326531,49
2024,HOU,Leading (1-7),0.5818815331010453,-0.025631553179827665,0.397212543554007,287
2024,HOU,Leading (8+),0.5903614457831325,-0.20031947060364033,0.3493975903614458,83
2024,HOU,Tied,0.599009900990099,-0.006721884590318866,0.41089108910891087,202
2024,HOU,Trailing (1-7),0.5772727272727273,0.11290335987200696,0.42727272727272725,220
2024,HOU,Trailing (8+),0.6461538461538462,-0.06855722215803987,0.38461538461538464,65
2024,IND,Leading (1-7),0.5202020202020202,-0.2453826536789902,0.30303030303030304,198
2024,IND,Leading (8+),0.47058823529411764,0.005490107861465166,0.29411764705882354,17
2024,IND,Tied,0.5117370892018779,-0.05847686492266826,0.43661971830985913,213
2024,IND,Trailing (1-7),0.4948805460750853,-0.03670537610171185,0.4129692832764505,293
2024,IND,Trailing (8+),0.5909090909090909,0.1817639889949986,0.4805194805194805,154
2024,JAX,Leading (1-7),0.5238095238095238,0.04960377801301869,0.3945578231292517,147
2024,JAX,Leading (8+),0.64,0.23233420675225389,0.52,25
2024,JAX,Tied,0.5471698113207547,-0.10997214711375847,0.4025157232704403,159
2024,JAX,Trailing (1-7),0.6061452513966481,-0.009157942924547361,0.4301675977653631,358
2024,JAX,Trailing (8+),0.5581395348837209,-0.14435930668314273,0.4069767441860465,86
2024,KC,Leading (1-7),0.6345029239766082,0.14950318668430304,0.5058479532163743,342
2024,KC,Leading (8+),0.525,-0.11431831296200715,0.45,40
2024,KC,Tied,0.5691489361702128,0.06213051423683061,0.48404255319148937,188
2024,KC,Trailing (1-7),0.6,0.10174444879903964,0.49836065573770494,305
2024,KC,Trailing (8+),0.675,0.1380803622676467,0.475,40
2024,LA,Leading (1-7),0.5655737704918032,0.10183962568890463,0.5327868852459017,122
2024,LA,Leading (8+),0.6052631578947368,0.2130204856328323,0.47368421052631576,38
2024,LA,Tied,0.57847533632287,-0.07334443921912127,0.4260089686098655,223
2024,LA,Trailing (1-7),0.547752808988764,0.0019405178821643714,0.4550561797752809,356
2024,LA,Trailing (8+),0.6164383561643836,0.08961526781479391,0.5616438356164384,146
2024,LAC,Leading (1-7),0.5353535353535354,0.06740319109956859,0.398989898989899,198
2024,LAC,Leading (8+),0.5714285714285714,0.3067341257558861,0.4935064935064935,77
2024,LAC,Tied,0.544973544973545,-0.029535509113102733,0.43386243386243384,189
2024,LAC,Trailing (1-7),0.6236162361623616,0.077094192762164,0.42435424354243545,271
2024,LAC,Trailing (8+),0.5641025641025641,0.05321452308458109,0.5384615384615384,39
2024,LV,Leading (1-7),0.5870967741935483,-0.35237549104096644,0.3548387096774194,155
2024,LV,Leading (8+),0.0,0.13998461398296058,0.5,2
2024,LV,Tied,0.5660377358490566,-0.14857418324588786,0.3710691823899371,159
2024,LV,Trailing (1-7),0.5938375350140056,-0.10300413207904582,0.4257703081232493,357
2024,LV,Trailing (8+),0.5974025974025974,-0.13893059777863934,0.36363636363636365,154
2024,MIA,Leading (1-7),0.5462555066079295,0.07949324426566713,0.4845814977973568,227
2024,MIA,Leading (8+),0.5,-0.7045444022022331,0.2692307692307692,26
2024,MIA,Tied,0.5615763546798029,-0.06372408506596423,0.4482758620689655,203
2024,MIA,Trailing (1-7),0.5436507936507936,-0.01035184074924438,0.45634920634920634,252
2024,MIA,Trailing (8+),0.6778523489932886,-0.13926569020528265,0.3959731543624161,149
2024,MIN,Leading (1-7),0.5658536585365853,0.10076777131167235,0.48292682926829267,205
2024,MIN,Leading (8+),0.6296296296296297,0.12620361703684096,0.5185185185185185,108
2024,MIN,Tied,0.6164383561643836,0.019152088209437017,0.45662100456621,219
2024,MIN,Trailing (1-7),0.6135265700483091,0.08901104145317455,0.47342995169082125,207
2024,MIN,Trailing (8+),0.6923076923076923,0.3062033878931429,0.4358974358974359,39
2024,NE,Leading (1-7),0.519774011299435,-0.07486302879496644,0.4011299435028249,177
2024,NE,Leading (8+),0.5555555555555556,-0.375021013198763,0.2222222222222222,18
2024,NE,Tied,0.5357142857142857,0.10971202657000496,0.47959183673469385,196
2024,NE,Trailing (1-7),0.572,-0.12382466310427077,0.412,250
2024,NE,Trailing (8+),0.5476190476190477,-0.1491567866021259,0.42857142857142855,126
2024,NO,Leading (1-7),0.5720720720720721,-0.13744573342521557,0.36036036036036034,222
2024,NO,Leading (8+),0.425,0.37836930115445283,0.55,40
2024,NO,Tied,0.474025974025974,0.18485360012422564,0.487012987012987,154
2024,NO,Trailing (1-7),0.5991902834008097,-0.0849201627604012,0.4008097165991903,247
2024,NO,Trailing (8+),0.6296296296296297,-0.06453639953717952,0.35185185185185186,108
2024,NYG,Leading (1-7),0.6545454545454545,-0.038465824510365204,0.4909090909090909,55
2024,NYG,Leading (8+),0.5,0.030004756985528565,0.4090909090909091,22
2024,NYG,Tied,0.5380116959064327,-0.26576620338702034,0.391812865497076,171
2024,NYG,Trailing (1-7),0.576,-0.06633012619957668,0.4026666666666667,375
2024,NYG,Trailing (8+),0.5365853658536586,-0.1264814607731292,0.39634146341463417,164
2024,NYJ,Leading (1-7),0.6039603960396039,0.06556455502713011,0.42574257425742573,202
2024,NYJ,Leading (8+),0.5,-0.18427840639357332,0.38235294117647056,34
2024,NYJ,Tied,0.6,-0.11802277609129476,0.4222222222222222,180
2024,NYJ,Trailing (1-7),0.6489675516224189,0.05260387286150859,0.4277286135693215,339
2024,NYJ,Trailing (8+),0.7032967032967034,-0.07379750909980617,0.4175824175824176,91
2024,PHI,Leading (1-7),0.4982698961937716,0.10631403289126815,0.4186851211072664,289
2024,PHI,Leading (8+),0.4852941176470588,-0.1465592881144029,0.38235294117647056,68
2024,PHI,Tied,0.4648648648648649,0.07946782429133849,0.4648648648648649,185
2024,PHI,Trailing (1-7),0.5083612040133779,0.18506438531571362,0.4816053511705686,299
2024,PHI,Trailing (8+),0.44,-0.18103506259154528,0.56,25
2024,PIT,Leading (1-7),0.526595744680851,0.013505481376339206,0.4095744680851064,188
2024,PIT,Leading (8+),0.5185185185185185,0.0120666464539576,0.2962962962962963,27
2024,PIT,Tied,0.5084745762711864,-0.14407116726247363,0.4011299435028249,177
2024,PIT,Trailing (1-7),0.5671232876712329,-0.07918791023062306,0.3780821917808219,365
2024,PIT,Trailing (8+),0.49122807017543857,0.06351888376306497,0.4824561403508772,114
2024,SEA,Leading (1-7),0.5934065934065934,0.1287480947316076,0.45604395604395603,182
2024,SEA,Leading (8+),0.5588235294117647,-0.23324218282662912,0.2647058823529412,34
2024,SEA,Tied,0.6139240506329114,-0.29752325079157554,0.3924050632911392,158
2024,SEA,Trailing (1-7),0.6266233766233766,-0.010117497368948503,0.474025974025974,308
2024,SEA,Trailing (8+),0.6771653543307087,0.06799326261848856,0.48031496062992124,127
2024,SF,Leading (1-7),0.5678391959798995,0.08903195378776531,0.457286432160804,199
2024,SF,Leading (8+),0.631578947368421,0.37361619997903106,0.5964912280701754,57
2024,SF,Tied,0.5388888888888889,0.023735065193579232,0.45555555555555555,180
2024,SF,Trailing (1-7),0.5806451612903226,0.10615089706425758,0.48847926267281105,217
2024,SF,Trailing (8+),0.5,-0.10067088140739924,0.4339622641509434,106
2024,TB,Leading (1-7),0.5194174757281553,0.02664954622298865,0.441747572815534,206
2024,TB,Leading (8+),0.6595744680851063,0.2537166016833113,0.5319148936170213,47
2024,TB,Tied,0.5555555555555556,0.2608910410948756,0.55,180
2024,TB,Trailing (1-7),0.583969465648855,0.05273641310597219,0.4770992366412214,262
2024,TB,Trailing (8+),0.6228070175438597,0.09375742842303664,0.5,114
2024,TEN,Leading (1-7),0.5514018691588785,-0.29914311012368705,0.35514018691588783,214
2024,TEN,Leading (8+),0.4090909090909091,0.28993200625144966,0.4090909090909091,22
2024,TEN,Tied,0.445,0.025130635547728986,0.42,200
2024,TEN,Trailing (1-7),0.5699481865284974,-0.0958231448142254,0.40932642487046633,193
2024,TEN,Trailing (8+),0.5590551181102362,-0.36233157150473005,0.3858267716535433,127
2024,WAS,Leading (1-7),0.5446428571428571,0.08492988876824097,0.4642857142857143,224
2024,WAS,Leading (8+),0.4492753623188406,0.09515676788211629,0.5362318840579711,69
2024,WAS,Tied,0.47761194029850745,0.12406619106337384,0.5074626865671642,201
2024,WAS,Trailing (1-7),0.59375,0.09385731941407838,0.47767857142857145,224
2024,WAS,Trailing (8+),0.5657894736842105,0.05866273303092234,0.39473684210526316,76
2025,ARI,Leading (1-7),0.5343511450381679,0.046139329131556085,0.4122137404580153,131
2025,ARI,Leading (8+),0.7142857142857143,0.11303836563768398,0.4642857142857143,28
2025,ARI,Tied,0.6294416243654822,0.00559950786162137,0.4416243654822335,197
2025,ARI,Trailing (1-7),0.6870229007633588,-0.07682226706250588,0.42366412213740456,262
2025,ARI,Trailing (8+),0.6608695652173913,0.11952650518657022,0.46956521739130436,115
2025,ATL,Leading (1-7),0.5465116279069767,-0.010551871821630199,0.44573643410852715,258
2025,ATL,Leading (8+),0.25925925925925924,0.06899682586555611,0.4074074074074074,27
2025,ATL,Tied,0.5177865612648221,-0.016381257137694477,0.4031620553359684,253
2025,ATL,Trailing (1-7),0.6408163265306123,0.10340083129872918,0.4897959183673469,245
2025,ATL,Trailing (8+),0.5294117647058824,-0.04181970586741114,0.47058823529411764,68
2025,BAL,Leading (1-7),0.44607843137254904,0.1241697210386864,0.4411764705882353,204
2025,BAL,Leading (8+),0.5961538461538461,-0.041856138651016075,0.38461538461538464,52
2025,BAL,Tied,0.453551912568306,0.06050689680537444,0.4918032786885246,183
2025,BAL,Trailing (1-7),0.5476190476190477,-0.040049160092182,0.42857142857142855,252
2025,BAL,Trailing (8+),0.42857142857142855,0.10154797796677732,0.5064935064935064,77
2025,BUF,Leading (1-7),0.5180722891566265,0.08745828905080769,0.463855421686747,166
2025,BUF,Leading (8+),0.5098039215686274,0.1401640334353217,0.43137254901960786,51
2025,BUF,Tied,0.4540229885057471,0.10964333716802907,0.5114942528735632,174
2025,BUF,Trailing (1-7),0.5697211155378487,0.12090757653167762,0.4820717131474104,251
2025,BUF,Trailing (8+),0.5283018867924528,0.07252605115497077,0.46540880503144655,159
2025,CAR,Leading (1-7),0.415929203539823,-0.11890923541682319,0.39823008849557523,113
2025,CAR,Leading (8+),0.4117647058823529,-0.2591766652390909,0.23529411764705882,17
2025,CAR,Tied,0.5339805825242718,-0.009376154826683013,0.46116504854368934,206
2025,CAR,Trailing (1-7),0.5545722713864307,-0.04407693526942439,0.40117994100294985,339
2025,CAR,Trailing (8+),0.5740740740740741,-0.028811809544749007,0.5,108
2025,CHI,Leading (1-7),0.5288888888888889,0.011087823367964857,0.4222222222222222,225
2025,CHI,Leading (8+),0.5,0.18970579755048014,0.5227272727272727,44
2025,CHI,Tied,0.5191256830601093,-0.061154431607716546,0.4371584699453552,183
2025,CHI,Trailing (1-7),0.5589123867069486,0.20164421749387476,0.513595166163142,331
2025,CHI,Trailing (8+),0.6228070175438597,0.20178483884713205,0.5175438596491229,114
2025,CIN,Leading (1-7),0.6153846153846154,0.034569662083501686,0.517948717948718,195
2025,CIN,Leading (8+),0.6363636363636364,0.1622418787155766,0.4090909090909091,22
2025,CIN,Tied,0.5723270440251572,0.08248801221268755,0.4968553459119497,159
2025,CIN,Trailing (1-7),0.6981132075471698,-0.08657717558638515,0.4025157232704403,318
2025,CIN,Trailing (8+),0.6717557251908397,-0.0594636073523573,0.46564885496183206,131
2025,CLE,Leading (1-7),0.4840764331210191,-0.2676874085157804,0.3184713375796178,157
2025,CLE,Leading (8+),0.5925925925925926,-0.7444830110762268,0.14814814814814814,27
2025,CLE,Tied,0.5454545454545454,-0.11705004196485494,0.3522727272727273,176
2025,CLE,Trailing (1-7),0.5589225589225589,-0.1353299408230323,0.367003367003367,297
2025,CLE,Trailing (8+),0.6666666666666666,-0.20119738243325033,0.31333333333333335,150
2025,DAL,Leading (1-7),0.5447154471544715,0.21147952236824186,0.4634146341463415,123
2025,DAL,Leading (8+),0.5476190476190477,0.19276581610726543,0.42857142857142855,42
2025,DAL,Tied,0.5362318840579711,0.06557854539679332,0.48792270531400966,207
2025,DAL,Trailing (1-7),0.6346153846153846,0.15325537495528704,0.4519230769230769,312
2025,DAL,Trailing (8+),0.5914634146341463,0.08135800281540813,0.524390243902439,164
2025,DEN,Leading (1-7),0.5630630630630631,-0.04070838003257138,0.4009009009009009,222
2025,DEN,Leading (8+),0.6428571428571429,0.07176334286328216,0.40476190476190477,42
2025,DEN,Tied,0.5753968253968254,-0.07740046594746428,0.45634920634920634,252
2025,DEN,Trailing (1-7),0.6472602739726028,0.24303056873660825,0.4589041095890411,292
2025,DEN,Trailing (8+),0.6190476190476191,0.12595385779757864,0.42857142857142855,63
2025,DET,Leading (1-7),0.5947712418300654,0.1797098004219715,0.477124183006536,153
2025,DET,Leading (8+),0.6949152542372882,0.216494374428165,0.5254237288135594,59
2025,DET,Tied,0.5245098039215687,0.16527024207212776,0.5049019607843137,204
2025,DET,Trailing (1-7),0.6065573770491803,-0.16142214361825463,0.36065573770491804,244
2025,DET,Trailing (8+),0.6131386861313869,0.17792146465977163,0.5036496350364964,137
2025,GB,Leading (1-7),0.5062761506276151,0.27350593936944423,0.502092050209205,239
2025,GB,Leading (8+),0.5405405405405406,-0.20116755066461786,0.43243243243243246,37
2025,GB,Tied,0.5205479452054794,0.04133812278519432,0.4794520547945205,219
2025,GB,Trailing (1-7),0.5611510791366906,0.1868406002056495,0.5,278
2025,GB,Trailing (8+),0.6111111111111112,0.1636892138033238,0.5138888888888888,72
2025,HOU,Leading (1-7),0.5601503759398496,-0.03691632998342402,0.39849624060150374,266
2025,HOU,Leading (8+),0.5533980582524272,-0.13464476025986516,0.39805825242718446,103
2025,HOU,Tied,0.5727272727272728,0.01623616030492107,0.40454545454545454,220
2025,HOU,Trailing (1-7),0.5606694560669456,-0.00632600750005783,0.42677824267782427,239
2025,HOU,Trailing (8+),0.6956521739130435,-0.16253081029612002,0.43478260869565216,69
2025,IND,Leading (1-7),0.5742574257425742,0.10482485275559834,0.43564356435643564,202
2025,IND,Leading (8+),0.6923076923076923,0.11848449572625329,0.38461538461538464,65
2025,IND,Tied,0.5892857142857143,-0.008677962679531935,0.4642857142857143,168
2025,IND,Trailing (1-7),0.5335689045936396,0.060050520546921095,0.4628975265017668,283
2025,IND,Trailing (8+),0.573170731707317,0.03692265547541436,0.45121951219512196,82
2025,JAX,Leading (1-7),0.56353591160221,-0.06137549364762919,0.43646408839779005,181
2025,JAX,Leading (8+),0.5921052631578947,-0.06263997917741534,0.4342105263157895,76
2025,JAX,Tied,0.5773584905660377,0.0760986234453111,0.45660377358490567,265
2025,JAX,Trailing (1-7),0.5869565217391305,0.19170631808293273,0.5163043478260869,184
2025,JAX,Trailing (8+),0.6212121212121212,0.04561654946949896,0.45454545454545453,66
2025,KC,Leading (1-7),0.644927536231884,0.13879401077596482,0.5,138
2025,KC,Leading (8+),0.5,0.16594383626215858,0.5,16
2025,KC,Tied,0.5911111111111111,-0.1588797635711532,0.4311111111111111,225
2025,KC,Trailing (1-7),0.5984251968503937,0.033023237304741763,0.43832020997375326,381
2025,KC,Trailing (8+),0.6416666666666667,0.11705978127033413,0.4583333333333333,120
2025,LA,Leading (1-7),0.6417112299465241,0.10248910672086939,0.4919786096256685,187
2025,LA,Leading (8+),0.5737704918032787,0.17081817074149758,0.4918032786885246,61
2025,LA,Tied,0.6350710900473934,0.10222644835779651,0.5023696682464455,211
2025,LA,Trailing (1-7),0.6181229773462783,0.23456819308294008,0.5566343042071198,309
2025,LA,Trailing (8+),0.725,0.13454048103372923,0.55,40
2025,LAC,Leading (1-7),0.516260162601626,0.04194459224018258,0.4715447154471545,246
2025,LAC,Leading (8+),0.6444444444444445,0.18810843466260999,0.4666666666666667,45
2025,LAC,Tied,0.5486111111111112,-0.004491723620527521,0.4305555555555556,144
2025,LAC,Trailing (1-7),0.6297709923664122,-0.06062434512737077,0.4122137404580153,262
2025,LAC,Trailing (8+),0.6815286624203821,-0.14712822900313485,0.3630573248407643,157
2025,LV,Leading (1-7),0.5684210526315789,-0.39492274845622233,0.3157894736842105,95
2025,LV,Leading (8+),0.5,0.10546343558235094,0.5,10
2025,LV,Tied,0.6129032258064516,-0.35013875124553034,0.3655913978494624,186
2025,LV,Trailing (1-7),0.5518518518518518,-0.03243505499193924,0.4222222222222222,270
2025,LV,Trailing (8+),0.7153846153846154,-0.4384780695380767,0.2846153846153846,130
2025,MIA,Leading (1-7),0.5899280575539568,0.19790997657743764,0.460431654676259,139
2025,MIA,Leading (8+),0.4939759036144578,-0.0775401850811443,0.3855421686746988,83
2025,MIA,Tied,0.4444444444444444,0.040622398081423816,0.4444444444444444,162
2025,MIA,Trailing (1-7),0.6031746031746031,0.036060289772340354,0.4444444444444444,189
2025,MIA,Trailing (8+),0.5949367088607594,-0.2027332692540969,0.4430379746835443,79
2025,MIN,Leading (1-7),0.5157232704402516,-0.05449521347380903,0.39622641509433965,159
2025,MIN,Leading (8+),0.6153846153846154,-1.00606631689096,0.3076923076923077,13
2025,MIN,Tied,0.5483870967741935,-0.039311887032696086,0.44086021505376344,186
2025,MIN,Trailing (1-7),0.6045454545454545,-0.1724356038422321,0.4409090909090909,220
2025,MIN,Trailing (8+),0.6587301587301587,-0.17060023564335403,0.42063492063492064,126
2025,NE,Leading (1-7),0.5306122448979592,0.21250545521510475,0.5204081632653061,294
2025,NE,Leading (8+),0.48936170212765956,0.2834834394050128,0.574468085106383,47
2025,NE,Tied,0.5337078651685393,0.11182529746369406,0.46629213483146065,178
2025,NE,Trailing (1-7),0.6184738955823293,0.11685495286069285,0.4859437751004016,249
2025,NE,Trailing (8+),0.6666666666666666,0.6857176363202078,0.6190476190476191,21
2025,NO,Leading (1-7),0.6233766233766234,0.12872054060405524,0.4155844155844156,77
2025,NO,Tied,0.6229508196721312,-0.4456862054069932,0.3360655737704918,122
2025,NO,Trailing (1-7),0.5865921787709497,-0.10628446379982896,0.41899441340782123,358
2025,NO,Trailing (8+),0.5158730158730159,0.06458733784574229,0.4523809523809524,252
2025,NYG,Leading (1-7),0.4978540772532189,0.06155715854575374,0.4291845493562232,233
2025,NYG,Leading (8+),0.5555555555555556,-0.11010067892432644,0.3333333333333333,45
2025,NYG,Tied,0.5933333333333334,0.03414875688265914,0.42,150
2025,NYG,Trailing (1-7),0.5103448275862069,0.013095301851696163,0.4241379310344828,290
2025,NYG,Trailing (8+),0.5625,-0.1180487606445572,0.3984375,128
2025,NYJ,Leading (1-7),0.4528301886792453,-0.27640121072047696,0.32075471698113206,53
2025,NYJ,Tied,0.43783783783783786,-0.09942855738777943,0.3567567567567568,185
2025,NYJ,Trailing (1-7),0.481651376146789,-0.2657071508881295,0.39908256880733944,218
2025,NYJ,Trailing (8+),0.5566502463054187,-0.10881319141379324,0.45320197044334976,203
2025,PHI,Leading (1-7),0.5418502202643172,0.057495191286216725,0.42731277533039647,227
2025,PHI,Leading (8+),0.6290322580645161,0.040546295828540795,0.4032258064516129,62
2025,PHI,Tied,0.5426008968609866,0.04031803698707468,0.4304932735426009,223
2025,PHI,Trailing (1-7),0.575,0.03537583818304467,0.4625,240
2025,PHI,Trailing (8+),0.675,-0.22233082459133585,0.375,40
2025,PIT,Leading (1-7),0.5912698412698413,0.09633260703746944,0.4722222222222222,252
2025,PIT,Leading (8+),0.5681818181818182,0.24855121818231699,0.5,44
2025,PIT,Tied,0.5608108108108109,-0.032193002652890136,0.4189189189189189,148
2025,PIT,Trailing (1-7),0.6254180602006689,-0.060829283464528254,0.4214046822742475,299
2025,PIT,Trailing (8+),0.5578947368421052,0.2115899096401518,0.4631578947368421,95
2025,SEA,Leading (1-7),0.509090909090909,-0.016112070171616543,0.4303030303030303,165
2025,SEA,Leading (8+),0.574468085106383,0.04509945328833289,0.44680851063829785,47
2025,SEA,Tied,0.5539906103286385,-0.023296192410046337,0.4413145539906103,213
2025,SEA,Trailing (1-7),0.5544554455445545,0.11742362761221124,0.5445544554455446,202
2025,SEA,Trailing (8+),0.5846153846153846,0.15081250679767166,0.49230769230769234,65
2025,SF,Leading (1-7),0.55859375,0.1209154828047402,0.45703125,256
2025,SF,Leading (8+),0.5344827586206896,-0.1910230419627075,0.43103448275862066,58
2025,SF,Tied,0.547244094488189,0.14468141519179367,0.5236220472440944,254
2025,SF,Trailing (1-7),0.6062176165803109,0.09526386465392936,0.5077720207253886,193
2025,SF,Trailing (8+),0.6578947368421053,0.02832538420641632,0.47368421052631576,114
2025,TB,Leading (1-7),0.4844961240310077,-0.07181269215839173,0.3953488372093023,258
2025,TB,Leading (8+),0.6923076923076923,-0.1512197957678737,0.3076923076923077,13
2025,TB,Tied,0.5255813953488372,0.050578438828157615,0.4418604651162791,215
2025,TB,Trailing (1-7),0.5830258302583026,0.2165477580639114,0.5018450184501845,271
2025,TB,Trailing (8+),0.6296296296296297,-0.32409152611859887,0.39814814814814814,108
2025,TEN,Leading (1-7),0.5564516129032258,0.007986954414536986,0.3548387096774194,124
2025,TEN,Leading (8+),0.5714285714285714,-1.6818888818296338,0.14285714285714285,7
2025,TEN,Tied,0.5433526011560693,-0.1178504370596615,0.37572254335260113,173
2025,TEN,Trailing (1-7),0.5726872246696035,-0.19845893776669762,0.34801762114537443,227
2025,TEN,Trailing (8+),0.6618705035971223,-0.2195606375404361,0.4172661870503597,139
2025,WAS,Leading (1-7),0.5161290322580645,-0.05541230974271366,0.40860215053763443,93
2025,WAS,Leading (8+),0.6136363636363636,0.027802440660991225,0.45454545454545453,44
2025,WAS,Tied,0.4338235294117647,0.07269940775821405,0.5147058823529411,136
2025,WAS,Trailing (1-7),0.5601374570446735,0.030145276427877975,0.4329896907216495,291
2025,WAS,Trailing (8+),0.5161290322580645,0.003253652801300304,0.43870967741935485,155
