season,posteam,field_zone,pass_rate,plays
2023,ARI,1. Own End (75-100),0.5228426395939086,197
2023,ARI,2. Own Mid (50-74),0.55,260
2023,ARI,3. Opp Mid (25-49),0.5306122448979592,196
2023,ARI,4. Red Zone (10-24),0.5061728395061729,81
2023,ARI,5. Goal-to-Go (<10),0.35555555555555557,45
2023,ATL,1. Own End (75-100),0.5311004784688995,209
2023,ATL,2. Own Mid (50-74),0.580952380952381,315
2023,ATL,3. Opp Mid (25-49),0.4567901234567901,243
2023,ATL,4. Red Zone (10-24),0.4166666666666667,108
2023,ATL,5. Goal-to-Go (<10),0.4489795918367347,49
2023,BAL,1. Own End (75-100),0.4772727272727273,176
2023,BAL,2. Own Mid (50-74),0.6042296072507553,331
2023,BAL,3. Opp Mid (25-49),0.6103896103896104,231
2023,BAL,4. Red Zone (10-24),0.4953271028037383,107
2023,BAL,5. Goal-to-Go (<10),0.3137254901960784,51
2023,BUF,1. Own End (75-100),0.5913978494623656,186
2023,BUF,2. Own Mid (50-74),0.6144578313253012,332
2023,BUF,3. Opp Mid (25-49),0.5714285714285714,252
2023,BUF,4. Red Zone (10-24),0.512396694214876,121
2023,BUF,5. Goal-to-Go (<10),0.38961038961038963,77
2023,CAR,1. Own End (75-100),0.5747663551401869,214
2023,CAR,2. Own Mid (50-74),0.5602409638554217,332
2023,CAR,3. Opp Mid (25-49),0.5752212389380531,226
2023,CAR,4. Red Zone (10-24),0.4166666666666667,72
2023,CAR,5. Goal-to-Go (<10),0.4146341463414634,41
2023,CHI,1. Own End (75-100),0.5032679738562091,153
2023,CHI,2. Own Mid (50-74),0.5127272727272727,275
2023,CHI,3. Opp Mid (25-49),0.5426008968609866,223
2023,CHI,4. Red Zone (10-24),0.5,72
2023,CHI,5. Goal-to-Go (<10),0.4883720930232558,43
2023,CIN,1. Own End (75-100),0.6153846153846154,182
2023,CIN,2. Own Mid (50-74),0.6628352490421456,261
2023,CIN,3. Opp Mid (25-49),0.7401960784313726,204
2023,CIN,4. Red Zone (10-24),0.625,96
2023,CIN,5. Goal-to-Go (<10),0.4603174603174603,63
2023,CLE,1. Own End (75-100),0.6167400881057269,227
2023,CLE,2. Own Mid (50-74),0.6306306306306306,333
2023,CLE,3. Opp Mid (25-49),0.5327102803738317,214
2023,CLE,4. Red Zone (10-24),0.5161290322580645,93
2023,CLE,5. Goal-to-Go (<10),0.4791666666666667,48
2023,DAL,1. Own End (75-100),0.6165413533834586,133
2023,DAL,2. Own Mid (50-74),0.6608695652173913,230
2023,DAL,3. Opp Mid (25-49),0.6074766355140186,214
2023,DAL,4. Red Zone (10-24),0.5217391304347826,115
2023,DAL,5. Goal-to-Go (<10),0.6153846153846154,65
2023,DEN,1. Own End (75-100),0.5789473684210527,171
2023,DEN,2. Own Mid (50-74),0.5746268656716418,268
2023,DEN,3. Opp Mid (25-49),0.5217391304347826,184
2023,DEN,4. Red Zone (10-24),0.5913978494623656,93
2023,DEN,5. Goal-to-Go (<10),0.5333333333333333,45
2023,DET,1. Own End (75-100),0.6111111111111112,198
2023,DET,2. Own Mid (50-74),0.6056782334384858,317
2023,DET,3. Opp Mid (25-49),0.5833333333333334,240
2023,DET,4. Red Zone (10-24),0.55,100
2023,DET,5. Goal-to-Go (<10),0.3707865168539326,89
2023,GB,1. Own End (75-100),0.625,160
2023,GB,2. Own Mid (50-74),0.6035087719298246,285
2023,GB,3. Opp Mid (25-49),0.5546218487394958,238
2023,GB,4. Red Zone (10-24),0.5487804878048781,164
2023,GB,5. Goal-to-Go (<10),0.45454545454545453,55
2023,HOU,1. Own End (75-100),0.5678391959798995,199
2023,HOU,2. Own Mid (50-74),0.6242603550295858,338
2023,HOU,3. Opp Mid (25-49),0.6020408163265306,196
2023,HOU,4. Red Zone (10-24),0.5102040816326531,98
2023,HOU,5. Goal-to-Go (<10),0.42857142857142855,63
2023,IND,1. Own End (75-100),0.5700483091787439,207
2023,IND,2. Own Mid (50-74),0.6411149825783972,287
2023,IND,3. Opp Mid (25-49),0.5196078431372549,204
2023,IND,4. Red Zone (10-24),0.44954128440366975,109
2023,IND,5. Goal-to-Go (<10),0.35185185185185186,54
2023,JAX,1. Own End (75-100),0.6490066225165563,151
2023,JAX,2. Own Mid (50-74),0.6146496815286624,314
2023,JAX,3. Opp Mid (25-49),0.5852534562211982,217
2023,JAX,4. Red Zone (10-24),0.5783132530120482,83
2023,JAX,5. Goal-to-Go (<10),0.45652173913043476,46
2023,KC,1. Own End (75-100),0.625,224
2023,KC,2. Own Mid (50-74),0.6419437340153452,391
2023,KC,3. Opp Mid (25-49),0.6085271317829457,258
2023,KC,4. Red Zone (10-24),0.6133333333333333,150
2023,KC,5. Goal-to-Go (<10),0.6363636363636364,66
2023,LA,1. Own End (75-100),0.5606060606060606,198
2023,LA,2. Own Mid (50-74),0.6736111111111112,288
2023,LA,3. Opp Mid (25-49),0.5610859728506787,221
2023,LA,4. Red Zone (10-24),0.5181818181818182,110
2023,LA,5. Goal-to-Go (<10),0.5342465753424658,73
2023,LAC,1. Own End (75-100),0.6284403669724771,218
2023,LAC,2. Own Mid (50-74),0.6352201257861635,318
2023,LAC,3. Opp Mid (25-49),0.6285714285714286,210
2023,LAC,4. Red Zone (10-24),0.5609756097560976,82
2023,LAC,5. Goal-to-Go (<10),0.5189873417721519,79
2023,LV,1. Own End (75-100),0.593103448275862,145
2023,LV,2. Own Mid (50-74),0.5618374558303887,283
2023,LV,3. Opp Mid (25-49),0.632768361581921,177
2023,LV,4. Red Zone (10-24),0.5679012345679012,81
2023,LV,5. Goal-to-Go (<10),0.4318181818181818,44
2023,MIA,1. Own End (75-100),0.5733333333333334,150
2023,MIA,2. Own Mid (50-74),0.6573705179282868,251
2023,MIA,3. Opp Mid (25-49),0.6699507389162561,203
2023,MIA,4. Red Zone (10-24),0.56,75
2023,MIA,5. Goal-to-Go (<10),0.5692307692307692,65
2023,MIN,1. Own End (75-100),0.531578947368421,190
2023,MIN,2. Own Mid (50-74),0.6918032786885245,305
2023,MIN,3. Opp Mid (25-49),0.6652542372881356,236
2023,MIN,4. Red Zone (10-24),0.651685393258427,89
2023,MIN,5. Goal-to-Go (<10),0.5689655172413793,58
2023,NE,1. Own End (75-100),0.5622119815668203,217
2023,NE,2. Own Mid (50-74),0.6346749226006192,323
2023,NE,3. Opp Mid (25-49),0.5911330049261084,203
2023,NE,4. Red Zone (10-24),0.5476190476190477,84
2023,NE,5. Goal-to-Go (<10),0.4090909090909091,22
2023,NO,1. Own End (75-100),0.5909090909090909,154
2023,NO,2. Own Mid (50-74),0.6201550387596899,258
2023,NO,3. Opp Mid (25-49),0.5931558935361216,263
2023,NO,4. Red Zone (10-24),0.5894736842105263,95
2023,NO,5. Goal-to-Go (<10),0.39655172413793105,58
2023,NYG,1. Own End (75-100),0.5808080808080808,198
2023,NYG,2. Own Mid (50-74),0.5378787878787878,264
2023,NYG,3. Opp Mid (25-49),0.5769230769230769,182
2023,NYG,4. Red Zone (10-24),0.36619718309859156,71
2023,NYG,5. Goal-to-Go (<10),0.4090909090909091,22
2023,NYJ,1. Own End (75-100),0.6084656084656085,189
2023,NYJ,2. Own Mid (50-74),0.6612377850162866,307
2023,NYJ,3. Opp Mid (25-49),0.5128205128205128,156
2023,NYJ,4. Red Zone (10-24),0.5194805194805194,77
2023,NYJ,5. Goal-to-Go (<10),0.6551724137931034,29
2023,PHI,1. Own End (75-100),0.6292682926829268,205
2023,PHI,2. Own Mid (50-74),0.5792682926829268,328
2023,PHI,3. Opp Mid (25-49),0.5796460176991151,226
2023,PHI,4. Red Zone (10-24),0.5,104
2023,PHI,5. Goal-to-Go (<10),0.2413793103448276,58
2023,PIT,1. Own End (75-100),0.541871921182266,203
2023,PIT,2. Own Mid (50-74),0.5555555555555556,333
2023,PIT,3. Opp Mid (25-49),0.5163043478260869,184
2023,PIT,4. Red Zone (10-24),0.38961038961038963,77
2023,PIT,5. Goal-to-Go (<10),0.34146341463414637,41
2023,SEA,1. Own End (75-100),0.6428571428571429,168
2023,SEA,2. Own Mid (50-74),0.6573208722741433,321
2023,SEA,3. Opp Mid (25-49),0.5990990990990991,222
2023,SEA,4. Red Zone (10-24),0.5925925925925926,108
2023,SEA,5. Goal-to-Go (<10),0.38181818181818183,55
2023,SF,1. Own End (75-100),0.6089385474860335,179
2023,SF,2. Own Mid (50-74),0.6309963099630996,271
2023,SF,3. Opp Mid (25-49),0.556420233463035,257
2023,SF,4. Red Zone (10-24),0.509090909090909,110
2023,SF,5. Goal-to-Go (<10),0.296875,64
2023,TB,1. Own End (75-100),0.5425531914893617,188
2023,TB,2. Own Mid (50-74),0.59375,352
2023,TB,3. Opp Mid (25-49),0.5982905982905983,234
2023,TB,4. Red Zone (10-24),0.6153846153846154,91
2023,TB,5. Goal-to-Go (<10),0.6,45
2023,TEN,1. Own End (75-100),0.5300546448087432,183
2023,TEN,2. Own Mid (50-74),0.5670731707317073,328
2023,TEN,3. Opp Mid (25-49),0.5454545454545454,176
2023,TEN,4. Red Zone (10-24),0.6,85
2023,TEN,5. Goal-to-Go (<10),0.2857142857142857,35
2023,WAS,1. Own End (75-100),0.6055555555555555,180
2023,WAS,2. Own Mid (50-74),0.6857142857142857,315
2023,WAS,3. Opp Mid (25-49),0.6983240223463687,179
2023,WAS,4. Red Zone (10-24),0.5806451612903226,93
2023,WAS,5. Goal-to-Go (<10),0.5434782608695652,46
2024,ARI,1. Own End (75-100),0.5490196078431373,102
2024,ARI,2. Own Mid (50-74),0.640625,320
2024,ARI,3. Opp Mid (25-49),0.5348837209302325,215
2024,ARI,4. Red Zone (10-24),0.5607476635514018,107
2024,ARI,5. Goal-to-Go (<10),0.5581395348837209,43
2024,ATL,1. Own End (75-100),0.5371900826446281,121
2024,ATL,2. Own Mid (50-74),0.5893854748603352,358
2024,ATL,3. Opp Mid (25-49),0.597864768683274,281
2024,ATL,4. Red Zone (10-24),0.5625,112
2024,ATL,5. Goal-to-Go (<10),0.29310344827586204,58
2024,BAL,1. Own End (75-100),0.43537414965986393,147
2024,BAL,2. Own Mid (50-74),0.5015197568389058,329
2024,BAL,3. Opp Mid (25-49),0.5851528384279476,229
2024,BAL,4. Red Zone (10-24),0.5533980582524272,103
2024,BAL,5. Goal-to-Go (<10),0.4727272727272727,55
2024,BUF,1. Own End (75-100),0.5604395604395604,91
2024,BUF,2. Own Mid (50-74),0.5922865013774105,363
2024,BUF,3. Opp Mid (25-49),0.5434782608695652,276
2024,BUF,4. Red Zone (10-24),0.44642857142857145,112
2024,BUF,5. Goal-to-Go (<10),0.36904761904761907,84
2024,CAR,1. Own End (75-100),0.6224489795918368,98
2024,CAR,2. Own Mid (50-74),0.5460750853242321,293
2024,CAR,3. Opp Mid (25-49),0.6046511627906976,172
2024,CAR,4. Red Zone (10-24),0.5106382978723404,94
2024,CAR,5. Goal-to-Go (<10),0.4423076923076923,52
2024,CHI,1. Own End (75-100),0.5645161290322581,124
2024,CHI,2. Own Mid (50-74),0.5797101449275363,345
2024,CHI,3. Opp Mid (25-49),0.6091370558375635,197
2024,CHI,4. Red Zone (10-24),0.5576923076923077,52
2024,CHI,5. Goal-to-Go (<10),0.35135135135135137,37
2024,CIN,1. Own End (75-100),0.6301369863013698,73
2024,CIN,2. Own Mid (50-74),0.6780626780626781,351
2024,CIN,3. Opp Mid (25-49),0.7037037037037037,270
2024,CIN,4. Red Zone (10-24),0.6636363636363637,110
2024,CIN,5. Goal-to-Go (<10),0.6823529411764706,85
2024,CLE,1. Own End (75-100),0.6736111111111112,144
2024,CLE,2. Own Mid (50-74),0.6291793313069909,329
2024,CLE,3. Opp Mid (25-49),0.5951219512195122,205
2024,CLE,4. Red Zone (10-24),0.5428571428571428,70
2024,CLE,5. Goal-to-Go (<10),0.47058823529411764,51
2024,DAL,1. Own End (75-100),0.5737704918032787,122
2024,DAL,2. Own Mid (50-74),0.6283185840707964,339
2024,DAL,3. Opp Mid (25-49),0.5918367346938775,196
2024,DAL,4. Red Zone (10-24),0.5612244897959183,98
2024,DAL,5. Goal-to-Go (<10),0.47368421052631576,38
2024,DEN,1. Own End (75-100),0.5686274509803921,102
2024,DEN,2. Own Mid (50-74),0.5805555555555556,360
2024,DEN,3. Opp Mid (25-49),0.6276595744680851,188
2024,DEN,4. Red Zone (10-24),0.5316455696202531,79
2024,DEN,5. Goal-to-Go (<10),0.475,40
2024,DET,1. Own End (75-100),0.5795454545454546,88
2024,DET,2. Own Mid (50-74),0.5625,320
2024,DET,3. Opp Mid (25-49),0.5806451612903226,217
2024,DET,4. Red Zone (10-24),0.5217391304347826,115
2024,DET,5. Goal-to-Go (<10),0.37037037037037035,81
2024,GB,1. Own End (75-100),0.5263157894736842,95
2024,GB,2. Own Mid (50-74),0.4870848708487085,271
2024,GB,3. Opp Mid (25-49),0.46842105263157896,190
2024,GB,4. Red Zone (10-24),0.49019607843137253,102
2024,GB,5. Goal-to-Go (<10),0.39655172413793105,58
2024,HOU,1. Own End (75-100),0.609271523178808,151
2024,HOU,2. Own Mid (50-74),0.6246648793565683,373
2024,HOU,3. Opp Mid (25-49),0.6078431372549019,255
2024,HOU,4. Red Zone (10-24),0.488,125
2024,HOU,5. Goal-to-Go (<10),0.41509433962264153,53
2024,IND,1. Own End (75-100),0.5333333333333333,135
2024,IND,2. Own Mid (50-74),0.6052631578947368,342
2024,IND,3. Opp Mid (25-49),0.47085201793721976,223
2024,IND,4. Red Zone (10-24),0.4954954954954955,111
2024,IND,5. Goal-to-Go (<10),0.265625,64
2024,JAX,1. Own End (75-100),0.6312056737588653,141
2024,JAX,2. Own Mid (50-74),0.6090651558073654,353
2024,JAX,3. Opp Mid (25-49),0.5,160
2024,JAX,4. Red Zone (10-24),0.5571428571428572,70
2024,JAX,5. Goal-to-Go (<10),0.43137254901960786,51
2024,KC,1. Own End (75-100),0.5526315789473685,152
2024,KC,2. Own Mid (50-74),0.6457765667574932,367
2024,KC,3. Opp Mid (25-49),0.6159420289855072,276
2024,KC,4. Red Zone (10-24),0.5734265734265734,143
2024,KC,5. Goal-to-Go (<10),0.5121951219512195,82
2024,LA,1. Own End (75-100),0.5934959349593496,123
2024,LA,2. Own Mid (50-74),0.6329113924050633,395
2024,LA,3. Opp Mid (25-49),0.56,250
2024,LA,4. Red Zone (10-24),0.4957983193277311,119
2024,LA,5. Goal-to-Go (<10),0.5256410256410257,78
2024,LAC,1. Own End (75-100),0.6363636363636364,154
2024,LAC,2. Own Mid (50-74),0.5901639344262295,305
2024,LAC,3. Opp Mid (25-49),0.5394736842105263,228
2024,LAC,4. Red Zone (10-24),0.5930232558139535,86
2024,LAC,5. Goal-to-Go (<10),0.4186046511627907,43
2024,LV,1. Own End (75-100),0.5289855072463768,138
2024,LV,2. Own Mid (50-74),0.6434540389972145,359
2024,LV,3. Opp Mid (25-49),0.5897435897435898,195
2024,LV,4. Red Zone (10-24),0.4935064935064935,77
2024,LV,5. Goal-to-Go (<10),0.4827586206896552,58
2024,MIA,1. Own End (75-100),0.5384615384615384,104
2024,MIA,2. Own Mid (50-74),0.5891238670694864,331
2024,MIA,3. Opp Mid (25-49),0.5648854961832062,262
2024,MIA,4. Red Zone (10-24),0.6078431372549019,102
2024,MIA,5. Goal-to-Go (<10),0.4827586206896552,58
2024,MIN,1. Own End (75-100),0.6355140186915887,107
2024,MIN,2. Own Mid (50-74),0.6192052980132451,302
2024,MIN,3. Opp Mid (25-49),0.5643153526970954,241
2024,MIN,4. Red Zone (10-24),0.6571428571428571,105
2024,MIN,5. Goal-to-Go (<10),0.6363636363636364,55
2024,NE,1. Own End (75-100),0.48148148148148145,108
2024,NE,2. Own Mid (50-74),0.5921450151057401,331
2024,NE,3. Opp Mid (25-49),0.5344827586206896,174
2024,NE,4. Red Zone (10-24),0.5363636363636364,110
2024,NE,5. Goal-to-Go (<10),0.4318181818181818,44
2024,NO,1. Own End (75-100),0.5681818181818182,88
2024,NO,2. Own Mid (50-74),0.5971014492753624,345
2024,NO,3. Opp Mid (25-49),0.5504587155963303,218
2024,NO,4. Red Zone (10-24),0.5280898876404494,89
2024,NO,5. Goal-to-Go (<10),0.3225806451612903,31
2024,NYG,1. Own End (75-100),0.5842696629213483,89
2024,NYG,2. Own Mid (50-74),0.5601092896174863,366
2024,NYG,3. Opp Mid (25-49),0.5745614035087719,228
2024,NYG,4. Red Zone (10-24),0.5692307692307692,65
2024,NYG,5. Goal-to-Go (<10),0.46153846153846156,39
2024,NYJ,1. Own End (75-100),0.6153846153846154,130
2024,NYJ,2. Own Mid (50-74),0.6062322946175638,353
2024,NYJ,3. Opp Mid (25-49),0.6455696202531646,237
2024,NYJ,4. Red Zone (10-24),0.6629213483146067,89
2024,NYJ,5. Goal-to-Go (<10),0.6756756756756757,37
2024,PHI,1. Own End (75-100),0.509090909090909,110
2024,PHI,2. Own Mid (50-74),0.509478672985782,422
2024,PHI,3. Opp Mid (25-49),0.46229508196721314,305
2024,PHI,4. Red Zone (10-24),0.5314685314685315,143
2024,PHI,5. Goal-to-Go (<10),0.3220338983050847,59
2024,PIT,1. Own End (75-100),0.549618320610687,131
2024,PIT,2. Own Mid (50-74),0.5818181818181818,385
2024,PIT,3. Opp Mid (25-49),0.4978165938864629,229
2024,PIT,4. Red Zone (10-24),0.4883720930232558,86
2024,PIT,5. Goal-to-Go (<10),0.42857142857142855,56
2024,SEA,1. Own End (75-100),0.6891891891891891,148
2024,SEA,2. Own Mid (50-74),0.60790273556231,329
2024,SEA,3. Opp Mid (25-49),0.6650943396226415,212
2024,SEA,4. Red Zone (10-24),0.6111111111111112,72
2024,SEA,5. Goal-to-Go (<10),0.3333333333333333,48
2024,SF,1. Own End (75-100),0.5638297872340425,94
2024,SF,2. Own Mid (50-74),0.5756457564575646,271
2024,SF,3. Opp Mid (25-49),0.5603448275862069,232
2024,SF,4. Red Zone (10-24),0.5333333333333333,90
2024,SF,5. Goal-to-Go (<10),0.5277777777777778,72
2024,TB,1. Own End (75-100),0.5648148148148148,108
2024,TB,2. Own Mid (50-74),0.5757575757575758,363
2024,TB,3. Opp Mid (25-49),0.5585585585585585,222
2024,TB,4. Red Zone (10-24),0.5161290322580645,93
2024,TB,5. Goal-to-Go (<10),0.582089552238806,67
2024,TEN,1. Own End (75-100),0.6031746031746031,126
2024,TEN,2. Own Mid (50-74),0.5157232704402516,318
2024,TEN,3. Opp Mid (25-49),0.5362318840579711,207
2024,TEN,4. Red Zone (10-24),0.35714285714285715,70
2024,TEN,5. Goal-to-Go (<10),0.6,35
2024,WAS,1. Own End (75-100),0.6304347826086957,92
2024,WAS,2. Own Mid (50-74),0.6048387096774194,372
2024,WAS,3. Opp Mid (25-49),0.5052631578947369,285
2024,WAS,4. Red Zone (10-24),0.4094488188976378,127
2024,WAS,5. Goal-to-Go (<10),0.4523809523809524,84
2025,ARI,1. Own End (75-100),0.65,120
2025,ARI,2. Own Mid (50-74),0.677536231884058,276
2025,ARI,3. Opp Mid (25-49),0.5862068965517241,203
2025,ARI,4. Red Zone (10-24),0.7294117647058823,85
2025,ARI,5. Goal-to-Go (<10),0.4897959183673469,49
2025,ATL,1. Own End (75-100),0.4424778761061947,113
2025,ATL,2. Own Mid (50-74),0.5977653631284916,358
2025,ATL,3. Opp Mid (25-49),0.5423728813559322,236
2025,ATL,4. Red Zone (10-24),0.6185567010309279,97
2025,ATL,5. Goal-to-Go (<10),0.425531914893617,47
2025,BAL,1. Own End (75-100),0.5370370370370371,108
2025,BAL,2. Own Mid (50-74),0.5390070921985816,282
2025,BAL,3. Opp Mid (25-49),0.49029126213592233,206
2025,BAL,4. Red Zone (10-24),0.41228070175438597,114
2025,BAL,5. Goal-to-Go (<10),0.3103448275862069,58
2025,BUF,1. Own End (75-100),0.5447761194029851,134
2025,BUF,2. Own Mid (50-74),0.5481049562682215,343
2025,BUF,3. Opp Mid (25-49),0.5615384615384615,260
2025,BUF,4. Red Zone (10-24),0.49612403100775193,129
2025,BUF,5. Goal-to-Go (<10),0.3333333333333333,72
2025,CAR,1. Own End (75-100),0.5315315315315315,111
2025,CAR,2. Own Mid (50-74),0.5354107648725213,353
2025,CAR,3. Opp Mid (25-49),0.5574468085106383,235
2025,CAR,4. Red Zone (10-24),0.49504950495049505,101
2025,CAR,5. Goal-to-Go (<10),0.5777777777777777,45
2025,CHI,1. Own End (75-100),0.528,125
2025,CHI,2. Own Mid (50-74),0.5788113695090439,387
2025,CHI,3. Opp Mid (25-49),0.5817610062893082,318
2025,CHI,4. Red Zone (10-24),0.5151515151515151,132
2025,CHI,5. Goal-to-Go (<10),0.34210526315789475,76
2025,CIN,1. Own End (75-100),0.5862068965517241,116
2025,CIN,2. Own Mid (50-74),0.6548672566371682,339
2025,CIN,3. Opp Mid (25-49),0.6875,240
2025,CIN,4. Red Zone (10-24),0.65,80
2025,CIN,5. Goal-to-Go (<10),0.56,50
2025,CLE,1. Own End (75-100),0.5733333333333334,150
2025,CLE,2. Own Mid (50-74),0.5598885793871866,359
2025,CLE,3. Opp Mid (25-49),0.6042780748663101,187
2025,CLE,4. Red Zone (10-24),0.5846153846153846,65
2025,CLE,5. Goal-to-Go (<10),0.34782608695652173,46
2025,DAL,1. Own End (75-100),0.559322033898305,118
2025,DAL,2. Own Mid (50-74),0.6181818181818182,330
2025,DAL,3. Opp Mid (25-49),0.579185520361991,221
2025,DAL,4. Red Zone (10-24),0.5765765765765766,111
2025,DAL,5. Goal-to-Go (<10),0.5,68
2025,DEN,1. Own End (75-100),0.6103896103896104,154
2025,DEN,2. Own Mid (50-74),0.6367713004484304,446
2025,DEN,3. Opp Mid (25-49),0.6017316017316018,231
2025,DEN,4. Red Zone (10-24),0.5904761904761905,105
2025,DEN,5. Goal-to-Go (<10),0.44642857142857145,56
2025,DET,1. Own End (75-100),0.6826923076923077,104
2025,DET,2. Own Mid (50-74),0.5733333333333334,300
2025,DET,3. Opp Mid (25-49),0.6120689655172413,232
2025,DET,4. Red Zone (10-24),0.58,100
2025,DET,5. Goal-to-Go (<10),0.45901639344262296,61
2025,GB,1. Own End (75-100),0.6511627906976745,129
2025,GB,2. Own Mid (50-74),0.5534591194968553,318
2025,GB,3. Opp Mid (25-49),0.5373134328358209,268
2025,GB,4. Red Zone (10-24),0.5289256198347108,121
2025,GB,5. Goal-to-Go (<10),0.3559322033898305,59
2025,HOU,1. Own End (75-100),0.625,184
2025,HOU,2. Own Mid (50-74),0.6041131105398457,389
2025,HOU,3. Opp Mid (25-49),0.5643939393939394,264
2025,HOU,4. Red Zone (10-24),0.49572649572649574,117
2025,HOU,5. Goal-to-Go (<10),0.48214285714285715,56
2025,IND,1. Own End (75-100),0.5486725663716814,113
2025,IND,2. Own Mid (50-74),0.62751677852349,298
2025,IND,3. Opp Mid (25-49),0.569377990430622,209
2025,IND,4. Red Zone (10-24),0.5714285714285714,112
2025,IND,5. Goal-to-Go (<10),0.38235294117647056,68
2025,JAX,1. Own End (75-100),0.5916666666666667,120
2025,JAX,2. Own Mid (50-74),0.6419354838709678,310
2025,JAX,3. Opp Mid (25-49),0.5576036866359447,217
2025,JAX,4. Red Zone (10-24),0.5040650406504065,123
2025,JAX,5. Goal-to-Go (<10),0.48214285714285715,56
2025,KC,1. Own End (75-100),0.5546875,128
2025,KC,2. Own Mid (50-74),0.6231003039513677,329
2025,KC,3. Opp Mid (25-49),0.6711111111111111,225
2025,KC,4. Red Zone (10-24),0.5166666666666667,120
2025,KC,5. Goal-to-Go (<10),0.5897435897435898,78
2025,LA,1. Own End (75-100),0.6440677966101694,118
2025,LA,2. Own Mid (50-74),0.6553524804177546,383
2025,LA,3. Opp Mid (25-49),0.6145454545454545,275
2025,LA,4. Red Zone (10-24),0.6170212765957447,141
2025,LA,5. Goal-to-Go (<10),0.5393258426966292,89
2025,LAC,1. Own End (75-100),0.6303030303030303,165
2025,LAC,2. Own Mid (50-74),0.56657223796034,353
2025,LAC,3. Opp Mid (25-49),0.5982142857142857,224
2025,LAC,4. Red Zone (10-24),0.63,100
2025,LAC,5. Goal-to-Go (<10),0.5283018867924528,53
2025,LV,1. Own End (75-100),0.5779816513761468,109
2025,LV,2. Own Mid (50-74),0.5880503144654088,318
2025,LV,3. Opp Mid (25-49),0.6303030303030303,165
2025,LV,4. Red Zone (10-24),0.6388888888888888,72
2025,LV,5. Goal-to-Go (<10),0.5555555555555556,27
2025,MIA,1. Own End (75-100),0.51,100
2025,MIA,2. Own Mid (50-74),0.6175298804780877,251
2025,MIA,3. Opp Mid (25-49),0.5159235668789809,157
2025,MIA,4. Red Zone (10-24),0.4842105263157895,95
2025,MIA,5. Goal-to-Go (<10),0.46938775510204084,49
2025,MIN,1. Own End (75-100),0.4603174603174603,126
2025,MIN,2. Own Mid (50-74),0.5980392156862745,306
2025,MIN,3. Opp Mid (25-49),0.6490066225165563,151
2025,MIN,4. Red Zone (10-24),0.5882352941176471,85
2025,MIN,5. Goal-to-Go (<10),0.5277777777777778,36
2025,NE,1. Own End (75-100),0.6441717791411042,163
2025,NE,2. Own Mid (50-74),0.5478468899521531,418
2025,NE,3. Opp Mid (25-49),0.5872340425531914,235
2025,NE,4. Red Zone (10-24),0.5,102
2025,NE,5. Goal-to-Go (<10),0.4246575342465753,73
2025,NO,1. Own End (75-100),0.6538461538461539,130
2025,NO,2. Own Mid (50-74),0.5597269624573379,293
2025,NO,3. Opp Mid (25-49),0.5766129032258065,248
2025,NO,4. Red Zone (10-24),0.6082474226804123,97
2025,NO,5. Goal-to-Go (<10),0.3170731707317073,41
2025,NYG,1. Own End (75-100),0.55,120
2025,NYG,2. Own Mid (50-74),0.5635838150289018,346
2025,NYG,3. Opp Mid (25-49),0.5381165919282511,223
2025,NYG,4. Red Zone (10-24),0.48148148148148145,108
2025,NYG,5. Goal-to-Go (<10),0.3469387755102041,49
2025,NYJ,1. Own End (75-100),0.4878048780487805,82
2025,NYJ,2. Own Mid (50-74),0.5245901639344263,305
2025,NYJ,3. Opp Mid (25-49),0.4911242603550296,169
2025,NYJ,4. Red Zone (10-24),0.3670886075949367,79
2025,NYJ,5. Goal-to-Go (<10),0.4583333333333333,24
2025,PHI,1. Own End (75-100),0.5804195804195804,143
2025,PHI,2. Own Mid (50-74),0.5913312693498453,323
2025,PHI,3. Opp Mid (25-49),0.5807860262008734,229
2025,PHI,4. Red Zone (10-24),0.5045871559633027,109
2025,PHI,5. Goal-to-Go (<10),0.36666666666666664,60
2025,PIT,1. Own End (75-100),0.556390977443609,133
2025,PIT,2. Own Mid (50-74),0.6371428571428571,350
2025,PIT,3. Opp Mid (25-49),0.5991189427312775,227
2025,PIT,4. Red Zone (10-24),0.6176470588235294,102
2025,PIT,5. Goal-to-Go (<10),0.45714285714285713,70
2025,SEA,1. Own End (75-100),0.5873015873015873,126
2025,SEA,2. Own Mid (50-74),0.6136363636363636,308
2025,SEA,3. Opp Mid (25-49),0.5101214574898786,247
2025,SEA,4. Red Zone (10-24),0.5242718446601942,103
2025,SEA,5. Goal-to-Go (<10),0.3877551020408163,49
2025,SF,1. Own End (75-100),0.5779816513761468,109
2025,SF,2. Own Mid (50-74),0.6704545454545454,352
2025,SF,3. Opp Mid (25-49),0.52,300
2025,SF,4. Red Zone (10-24),0.5078125,128
2025,SF,5. Goal-to-Go (<10),0.5072463768115942,69
2025,TB,1. Own End (75-100),0.5813953488372093,129
2025,TB,2. Own Mid (50-74),0.5649717514124294,354
2025,TB,3. Opp Mid (25-49),0.5191489361702127,235
2025,TB,4. Red Zone (10-24),0.5612244897959183,98
2025,TB,5. Goal-to-Go (<10),0.42857142857142855,49
2025,TEN,1. Own End (75-100),0.6363636363636364,110
2025,TEN,2. Own Mid (50-74),0.5789473684210527,304
2025,TEN,3. Opp Mid (25-49),0.5445026178010471,191
2025,TEN,4. Red Zone (10-24),0.5833333333333334,36
2025,TEN,5. Goal-to-Go (<10),0.6206896551724138,29
2025,WAS,1. Own End (75-100),0.5365853658536586,82
2025,WAS,2. Own Mid (50-74),0.5226480836236934,287
2025,WAS,3. Opp Mid (25-49),0.5789473684210527,209
2025,WAS,4. Red Zone (10-24),0.49382716049382713,81
2025,WAS,5. Goal-to-Go (<10),0.36666666666666664,60
