season,posteam,play_type,field_zone,epa,success,plays
2023,ARI,pass,1. Own End (75-100),-0.20698817584096246,0.34951456310679613,103
2023,ARI,pass,2. Own Mid (50-74),-0.10715435377732144,0.44755244755244755,143
2023,ARI,pass,3. Opp Mid (25-49),-0.12533235918348015,0.3942307692307692,104
2023,ARI,pass,4. Red Zone (10-24),-0.6562984963134766,0.24390243902439024,41
2023,ARI,pass,5. Goal-to-Go (<10),0.8735296156449586,0.5625,16
2023,ARI,run,1. Own End (75-100),-0.08960855373756048,0.35106382978723405,94
2023,ARI,run,2. Own Mid (50-74),0.060707023568276286,0.4444444444444444,117
2023,ARI,run,3. Opp Mid (25-49),0.116629231079264,0.41304347826086957,92
2023,ARI,run,4. Red Zone (10-24),0.07770431897948066,0.5,40
2023,ARI,run,5. Goal-to-Go (<10),0.05600140963172449,0.4482758620689655,29
2023,ATL,pass,1. Own End (75-100),-0.01730437438593137,0.43243243243243246,111
2023,ATL,pass,2. Own Mid (50-74),0.059525688639727466,0.4426229508196721,183
2023,ATL,pass,3. Opp Mid (25-49),-0.1691927308098663,0.4774774774774775,111
2023,ATL,pass,4. Red Zone (10-24),-0.2261068313134358,0.4222222222222222,45
2023,ATL,pass,5. Goal-to-Go (<10),-0.3047113502422718,0.36363636363636365,22
2023,ATL,run,1. Own End (75-100),-0.2719376554287381,0.2857142857142857,98
2023,ATL,run,2. Own Mid (50-74),-0.05445350902498996,0.38636363636363635,132
2023,ATL,run,3. Opp Mid (25-49),-0.08045425095646333,0.3939393939393939,132
2023,ATL,run,4. Red Zone (10-24),-0.1417291266152584,0.38095238095238093,63
2023,ATL,run,5. Goal-to-Go (<10),0.044395913747584975,0.4444444444444444,27
2023,BAL,pass,1. Own End (75-100),0.22394925628678822,0.5555555555555556,72
2023,BAL,pass,2. Own Mid (50-74),0.0296056688375136,0.4858757062146893,177
2023,BAL,pass,3. Opp Mid (25-49),-0.01695540379443098,0.4409448818897638,127
2023,BAL,pass,4. Red Zone (10-24),0.19721054796188442,0.40816326530612246,49
2023,BAL,pass,5. Goal-to-Go (<10),-0.03494540638851884,0.42857142857142855,14
2023,BAL,run,1. Own End (75-100),0.050328817118757536,0.45454545454545453,77
2023,BAL,run,2. Own Mid (50-74),-0.09547226571836896,0.4583333333333333,120
2023,BAL,run,3. Opp Mid (25-49),0.12179601601042271,0.5555555555555556,81
2023,BAL,run,4. Red Zone (10-24),0.04190569283174006,0.46,50
2023,BAL,run,5. Goal-to-Go (<10),0.23842757889078595,0.6470588235294118,34
2023,BUF,pass,1. Own End (75-100),0.1732807518000658,0.5454545454545454,99
2023,BUF,pass,2. Own Mid (50-74),0.09118938796587905,0.5,184
2023,BUF,pass,3. Opp Mid (25-49),0.07970082200882525,0.5151515151515151,132
2023,BUF,pass,4. Red Zone (10-24),-0.08811205358035872,0.31666666666666665,60
2023,BUF,pass,5. Goal-to-Go (<10),-0.1259346311276516,0.4583333333333333,24
2023,BUF,run,1. Own End (75-100),-0.14800871675063665,0.4117647058823529,68
2023,BUF,run,2. Own Mid (50-74),0.10031532505719384,0.48623853211009177,109
2023,BUF,run,3. Opp Mid (25-49),0.18534281407299108,0.5578947368421052,95
2023,BUF,run,4. Red Zone (10-24),0.14360658919904937,0.5192307692307693,52
2023,BUF,run,5. Goal-to-Go (<10),0.35385649406486086,0.5909090909090909,44
2023,CAR,pass,1. Own End (75-100),-0.24648272733410395,0.2845528455284553,123
2023,CAR,pass,2. Own Mid (50-74),-0.17127999140954858,0.40860215053763443,186
2023,CAR,pass,3. Opp Mid (25-49),-0.3047832585942935,0.33076923076923076,130
2023,CAR,pass,4. Red Zone (10-24),-0.6064732716596107,0.26666666666666666,30
2023,CAR,pass,5. Goal-to-Go (<10),-0.2583415422376404,0.35294117647058826,17
2023,CAR,run,1. Own End (75-100),-0.06166814603576703,0.3516483516483517,91
2023,CAR,run,2. Own Mid (50-74),-0.020999493268764997,0.4383561643835616,146
2023,CAR,run,3. Opp Mid (25-49),-0.2473761375201017,0.28125,96
2023,CAR,run,4. Red Zone (10-24),-0.18734948386718903,0.40476190476190477,42
2023,CAR,run,5. Goal-to-Go (<10),0.06194261635403845,0.5416666666666666,24
2023,CHI,pass,1. Own End (75-100),-0.10414102406342296,0.44155844155844154,77
2023,CHI,pass,2. Own Mid (50-74),0.005485934040225144,0.4326241134751773,141
2023,CHI,pass,3. Opp Mid (25-49),-0.05671583300519227,0.4297520661157025,121
2023,CHI,pass,4. Red Zone (10-24),-0.2229713944226438,0.3055555555555556,36
2023,CHI,pass,5. Goal-to-Go (<10),-0.2426514549986381,0.3333333333333333,21
2023,CHI,run,1. Own End (75-100),0.002675159593069877,0.39473684210526316,76
2023,CHI,run,2. Own Mid (50-74),-0.0009281404590956978,0.4701492537313433,134
2023,CHI,run,3. Opp Mid (25-49),0.03728097165119286,0.4019607843137255,102
2023,CHI,run,4. Red Zone (10-24),0.09757985093109432,0.3888888888888889,36
2023,CHI,run,5. Goal-to-Go (<10),0.43244973177603574,0.7272727272727273,22
2023,CIN,pass,1. Own End (75-100),-0.0328793128036133,0.42857142857142855,112
2023,CIN,pass,2. Own Mid (50-74),0.16904941989116323,0.48554913294797686,173
2023,CIN,pass,3. Opp Mid (25-49),-0.03466489455332819,0.45695364238410596,151
2023,CIN,pass,4. Red Zone (10-24),0.09256740955820704,0.5833333333333334,60
2023,CIN,pass,5. Goal-to-Go (<10),0.02345086524030033,0.41379310344827586,29
2023,CIN,run,1. Own End (75-100),-0.06847538730445583,0.35714285714285715,70
2023,CIN,run,2. Own Mid (50-74),0.07667200477027852,0.42045454545454547,88
2023,CIN,run,3. Opp Mid (25-49),-0.05105458532670818,0.37735849056603776,53
2023,CIN,run,4. Red Zone (10-24),-0.0035604146687546745,0.4444444444444444,36
2023,CIN,run,5. Goal-to-Go (<10),-0.0258169088652088,0.47058823529411764,34
2023,CLE,pass,1. Own End (75-100),-0.08897931452162401,0.40476190476190477,126
2023,CLE,pass,2. Own Mid (50-74),-0.23009873259488006,0.3645320197044335,203
2023,CLE,pass,3. Opp Mid (25-49),-0.1557175108602198,0.44642857142857145,112
2023,CLE,pass,4. Red Zone (10-24),-0.21522909032146162,0.28888888888888886,45
2023,CLE,pass,5. Goal-to-Go (<10),-0.3072908897331675,0.22727272727272727,22
2023,CLE,run,1. Own End (75-100),-0.09124815207698182,0.38095238095238093,84
2023,CLE,run,2. Own Mid (50-74),0.003867131545363615,0.44166666666666665,120
2023,CLE,run,3. Opp Mid (25-49),-0.11784711890532384,0.46464646464646464,99
2023,CLE,run,4. Red Zone (10-24),-0.2822656830577193,0.2558139534883721,43
2023,CLE,run,5. Goal-to-Go (<10),0.4253993271888011,0.5217391304347826,23
2023,DAL,pass,1. Own End (75-100),0.31638378350107815,0.5125,80
2023,DAL,pass,2. Own Mid (50-74),0.33205582512498555,0.527027027027027,148
2023,DAL,pass,3. Opp Mid (25-49),0.19886600106582997,0.5234375,128
2023,DAL,pass,4. Red Zone (10-24),0.22686611227168887,0.45,60
2023,DAL,pass,5. Goal-to-Go (<10),-0.3886633075080278,0.35,40
2023,DAL,run,1. Own End (75-100),-0.35713084886578766,0.1702127659574468,47
2023,DAL,run,2. Own Mid (50-74),0.060438379184405845,0.527027027027027,74
2023,DAL,run,3. Opp Mid (25-49),0.23350140209385395,0.573170731707317,82
2023,DAL,run,4. Red Zone (10-24),0.07188571282101541,0.4727272727272727,55
2023,DAL,run,5. Goal-to-Go (<10),-0.35240545165611137,0.44,25
2023,DEN,pass,1. Own End (75-100),-0.09701783844973008,0.40404040404040403,99
2023,DEN,pass,2. Own Mid (50-74),-0.2281881458751174,0.36363636363636365,154
2023,DEN,pass,3. Opp Mid (25-49),-0.0479278317888139,0.4375,96
2023,DEN,pass,4. Red Zone (10-24),0.045059852210455144,0.41818181818181815,55
2023,DEN,pass,5. Goal-to-Go (<10),0.12244975183034286,0.375,24
2023,DEN,run,1. Own End (75-100),-0.05245068344003004,0.4305555555555556,72
2023,DEN,run,2. Own Mid (50-74),-0.017926569435778156,0.4473684210526316,114
2023,DEN,run,3. Opp Mid (25-49),-0.08466987862085561,0.3977272727272727,88
2023,DEN,run,4. Red Zone (10-24),0.1598203374849522,0.5263157894736842,38
2023,DEN,run,5. Goal-to-Go (<10),-0.18646568276254202,0.42857142857142855,21
2023,DET,pass,1. Own End (75-100),0.03956087317475557,0.4519230769230769,104
2023,DET,pass,2. Own Mid (50-74),0.2173727490110487,0.5256410256410257,156
2023,DET,pass,3. Opp Mid (25-49),0.10346705198362846,0.5575221238938053,113
2023,DET,pass,4. Red Zone (10-24),0.4921985397906636,0.5531914893617021,47
2023,DET,pass,5. Goal-to-Go (<10),0.15160231557101017,0.48148148148148145,27
2023,DET,run,1. Own End (75-100),-0.15879088728509558,0.36923076923076925,65
2023,DET,run,2. Own Mid (50-74),-0.22125076239795557,0.34285714285714286,105
2023,DET,run,3. Opp Mid (25-49),0.269106425247088,0.5,84
2023,DET,run,4. Red Zone (10-24),0.05884169332966635,0.4523809523809524,42
2023,DET,run,5. Goal-to-Go (<10),0.04025709388919899,0.4222222222222222,45
2023,GB,pass,1. Own End (75-100),0.05146079470914935,0.42696629213483145,89
2023,GB,pass,2. Own Mid (50-74),0.268130565484828,0.535483870967742,155
2023,GB,pass,3. Opp Mid (25-49),0.12082624213080868,0.448,125
2023,GB,pass,4. Red Zone (10-24),-0.06631459534354257,0.38961038961038963,77
2023,GB,pass,5. Goal-to-Go (<10),0.5477353270497264,0.4782608695652174,23
2023,GB,run,1. Own End (75-100),-0.09290351584162895,0.32142857142857145,56
2023,GB,run,2. Own Mid (50-74),-0.03512274454820167,0.4326923076923077,104
2023,GB,run,3. Opp Mid (25-49),0.06325785368044436,0.5274725274725275,91
2023,GB,run,4. Red Zone (10-24),-0.12256165061872111,0.34375,64
2023,GB,run,5. Goal-to-Go (<10),0.12285821057202366,0.5,26
2023,HOU,pass,1. Own End (75-100),0.039000867727390004,0.42857142857142855,105
2023,HOU,pass,2. Own Mid (50-74),-0.05982503151410641,0.4307692307692308,195
2023,HOU,pass,3. Opp Mid (25-49),0.2993292664057963,0.5148514851485149,101
2023,HOU,pass,4. Red Zone (10-24),0.02349236607220131,0.4489795918367347,49
2023,HOU,pass,5. Goal-to-Go (<10),0.33108337633326024,0.48,25
2023,HOU,run,1. Own End (75-100),-0.07897701863642138,0.345679012345679,81
2023,HOU,run,2. Own Mid (50-74),-0.14011037346588084,0.3391304347826087,115
2023,HOU,run,3. Opp Mid (25-49),-2.1633054359956008e-05,0.4931506849315068,73
2023,HOU,run,4. Red Zone (10-24),-0.1439305195318668,0.3191489361702128,47
2023,HOU,run,5. Goal-to-Go (<10),-0.044325363330885534,0.45714285714285713,35
2023,IND,pass,1. Own End (75-100),-0.020920524243916525,0.3983050847457627,118
2023,IND,pass,2. Own Mid (50-74),0.17145192937580364,0.47282608695652173,184
2023,IND,pass,3. Opp Mid (25-49),0.04662088710403251,0.4716981132075472,106
2023,IND,pass,4. Red Zone (10-24),-0.022575522188159985,0.3877551020408163,49
2023,IND,pass,5. Goal-to-Go (<10),-0.8622248607702395,0.2631578947368421,19
2023,IND,run,1. Own End (75-100),-0.13445534224731825,0.30337078651685395,89
2023,IND,run,2. Own Mid (50-74),-0.06924406781812985,0.39805825242718446,103
2023,IND,run,3. Opp Mid (25-49),-0.06579204104926074,0.42857142857142855,98
2023,IND,run,4. Red Zone (10-24),0.011034250882221385,0.43333333333333335,60
2023,IND,run,5. Goal-to-Go (<10),0.12613451205626397,0.5142857142857142,35
2023,JAX,pass,1. Own End (75-100),0.22862296727752046,0.5612244897959183,98
2023,JAX,pass,2. Own Mid (50-74),0.16245380715588276,0.5181347150259067,193
2023,JAX,pass,3. Opp Mid (25-49),-0.14417947919563473,0.4645669291338583,127
2023,JAX,pass,4. Red Zone (10-24),-0.3140465465693825,0.375,48
2023,JAX,pass,5. Goal-to-Go (<10),-0.7087900272214378,0.2857142857142857,21
2023,JAX,run,1. Own End (75-100),-0.21561786996086463,0.3584905660377358,53
2023,JAX,run,2. Own Mid (50-74),0.01817490529723096,0.4049586776859504,121
2023,JAX,run,3. Opp Mid (25-49),-0.35909785748417283,0.3,90
2023,JAX,run,4. Red Zone (10-24),-0.24490543357248842,0.37142857142857144,35
2023,JAX,run,5. Goal-to-Go (<10),-0.09268770649447106,0.44,25
2023,KC,pass,1. Own End (75-100),0.019500346979201954,0.4700854700854701,117
2023,KC,pass,2. Own Mid (50-74),-0.11561531387807918,0.405,200
2023,KC,pass,3. Opp Mid (25-49),0.28933313027605856,0.5365853658536586,123
2023,KC,pass,4. Red Zone (10-24),-0.34990726753059237,0.3582089552238806,67
2023,KC,pass,5. Goal-to-Go (<10),0.690938017781224,0.5714285714285714,35
2023,KC,run,1. Own End (75-100),-0.05570558106714387,0.3283582089552239,67
2023,KC,run,2. Own Mid (50-74),0.004482252766187726,0.39090909090909093,110
2023,KC,run,3. Opp Mid (25-49),0.20463024947827893,0.5,82
2023,KC,run,4. Red Zone (10-24),-0.08202090205711557,0.4,40
2023,KC,run,5. Goal-to-Go (<10),0.10961318222229909,0.5789473684210527,19
2023,LA,pass,1. Own End (75-100),0.08564259294741172,0.4811320754716981,106
2023,LA,pass,2. Own Mid (50-74),0.11656750061342286,0.5111111111111111,180
2023,LA,pass,3. Opp Mid (25-49),-0.053724211723870485,0.42857142857142855,112
2023,LA,pass,4. Red Zone (10-24),0.3430966133750883,0.49056603773584906,53
2023,LA,pass,5. Goal-to-Go (<10),0.19323121596441986,0.4166666666666667,36
2023,LA,run,1. Own End (75-100),-0.11682470974192256,0.4,80
2023,LA,run,2. Own Mid (50-74),0.07304537009158693,0.4945054945054945,91
2023,LA,run,3. Opp Mid (25-49),-0.017172794132136866,0.44086021505376344,93
2023,LA,run,4. Red Zone (10-24),-0.000637697349133255,0.42,50
2023,LA,run,5. Goal-to-Go (<10),0.2181661679941873,0.4411764705882353,34
2023,LAC,pass,1. Own End (75-100),0.13936593832726843,0.49635036496350365,137
2023,LAC,pass,2. Own Mid (50-74),-0.10682239804312006,0.43564356435643564,202
2023,LAC,pass,3. Opp Mid (25-49),0.22207053414760627,0.4696969696969697,132
2023,LAC,pass,4. Red Zone (10-24),-0.21680639180031708,0.2826086956521739,46
2023,LAC,pass,5. Goal-to-Go (<10),-0.49858000277887793,0.3170731707317073,41
2023,LAC,run,1. Own End (75-100),-0.18812082646224923,0.3333333333333333,81
2023,LAC,run,2. Own Mid (50-74),-0.10608792007230383,0.4051724137931034,116
2023,LAC,run,3. Opp Mid (25-49),0.006969857222828615,0.41025641025641024,78
2023,LAC,run,4. Red Zone (10-24),-0.010327448703012325,0.3888888888888889,36
2023,LAC,run,5. Goal-to-Go (<10),-0.1877986261998398,0.47368421052631576,38
2023,LV,pass,1. Own End (75-100),-0.167756408772453,0.38372093023255816,86
2023,LV,pass,2. Own Mid (50-74),-0.20017260668778047,0.42138364779874216,159
2023,LV,pass,3. Opp Mid (25-49),0.1323950637146307,0.49107142857142855,112
2023,LV,pass,4. Red Zone (10-24),-0.2738489950770513,0.32608695652173914,46
2023,LV,pass,5. Goal-to-Go (<10),-0.2715261906834219,0.42105263157894735,19
2023,LV,run,1. Own End (75-100),-0.1917475391331255,0.2542372881355932,59
2023,LV,run,2. Own Mid (50-74),0.01639379955398204,0.4435483870967742,124
2023,LV,run,3. Opp Mid (25-49),-0.2491129431523078,0.3384615384615385,65
2023,LV,run,4. Red Zone (10-24),-0.11119924118975177,0.37142857142857144,35
2023,LV,run,5. Goal-to-Go (<10),-0.0041016138263512405,0.4,25
2023,MIA,pass,1. Own End (75-100),0.42940264999427796,0.5365853658536586,82
2023,MIA,pass,2. Own Mid (50-74),0.32835013076953307,0.5384615384615384,156
2023,MIA,pass,3. Opp Mid (25-49),0.24416363892525603,0.5671641791044776,134
2023,MIA,pass,4. Red Zone (10-24),-0.05929504718749015,0.42857142857142855,42
2023,MIA,pass,5. Goal-to-Go (<10),-0.22950995842119667,0.40540540540540543,37
2023,MIA,run,1. Own End (75-100),0.09308861330126612,0.5535714285714286,56
2023,MIA,run,2. Own Mid (50-74),-0.13985255096653978,0.3717948717948718,78
2023,MIA,run,3. Opp Mid (25-49),-0.22477297226238124,0.2835820895522388,67
2023,MIA,run,4. Red Zone (10-24),0.061756850993719345,0.5151515151515151,33
2023,MIA,run,5. Goal-to-Go (<10),-0.08442230218289686,0.5357142857142857,28
2023,MIN,pass,1. Own End (75-100),0.0040999671495012425,0.44554455445544555,101
2023,MIN,pass,2. Own Mid (50-74),-0.12617688008649738,0.4312796208530806,211
2023,MIN,pass,3. Opp Mid (25-49),0.18668538358602435,0.46496815286624205,157
2023,MIN,pass,4. Red Zone (10-24),-0.3481886427833392,0.3448275862068966,58
2023,MIN,pass,5. Goal-to-Go (<10),-0.4354270936688582,0.3939393939393939,33
2023,MIN,run,1. Own End (75-100),-0.049694428291025286,0.4044943820224719,89
2023,MIN,run,2. Own Mid (50-74),-0.042005914872130776,0.425531914893617,94
2023,MIN,run,3. Opp Mid (25-49),-0.062193376043452445,0.5063291139240507,79
2023,MIN,run,4. Red Zone (10-24),0.11260179048709297,0.45161290322580644,31
2023,MIN,run,5. Goal-to-Go (<10),-0.2635030910432079,0.28,25
2023,NE,pass,1. Own End (75-100),-0.41856784560311144,0.39344262295081966,122
2023,NE,pass,2. Own Mid (50-74),-0.12154457623014091,0.3804878048780488,205
2023,NE,pass,3. Opp Mid (25-49),-0.32533817125183584,0.36666666666666664,120
2023,NE,pass,4. Red Zone (10-24),-0.23946663159330772,0.391304347826087,46
2023,NE,pass,5. Goal-to-Go (<10),0.8181348372122663,0.5555555555555556,9
2023,NE,run,1. Own End (75-100),-0.16011856607541344,0.3157894736842105,95
2023,NE,run,2. Own Mid (50-74),0.03796357974327185,0.4152542372881356,118
2023,NE,run,3. Opp Mid (25-49),-0.1425025276661535,0.42168674698795183,83
2023,NE,run,4. Red Zone (10-24),-0.17179896542451673,0.3684210526315789,38
2023,NE,run,5. Goal-to-Go (<10),0.37057830308913253,0.7692307692307693,13
2023,NO,pass,1. Own End (75-100),0.11125865434539495,0.46153846153846156,91
2023,NO,pass,2. Own Mid (50-74),0.0896333139458875,0.48125,160
2023,NO,pass,3. Opp Mid (25-49),-0.05984743465398997,0.4358974358974359,156
2023,NO,pass,4. Red Zone (10-24),-0.21321628876496387,0.39285714285714285,56
2023,NO,pass,5. Goal-to-Go (<10),-0.008363007362402248,0.34782608695652173,23
2023,NO,run,1. Own End (75-100),-0.29058721834804774,0.30158730158730157,63
2023,NO,run,2. Own Mid (50-74),0.0076492931996709765,0.40816326530612246,98
2023,NO,run,3. Opp Mid (25-49),-0.05755850180208561,0.42990654205607476,107
2023,NO,run,4. Red Zone (10-24),-0.024911106938740924,0.46153846153846156,39
2023,NO,run,5. Goal-to-Go (<10),0.11935213475506706,0.42857142857142855,35
2023,NYG,pass,1. Own End (75-100),-0.23765826036080556,0.3565217391304348,115
2023,NYG,pass,2. Own Mid (50-74),-0.1207198122164569,0.4084507042253521,142
2023,NYG,pass,3. Opp Mid (25-49),-0.25877130716002084,0.38095238095238093,105
2023,NYG,pass,4. Red Zone (10-24),0.21037175882547565,0.34615384615384615,26
2023,NYG,pass,5. Goal-to-Go (<10),-1.8320339193709918,0.2222222222222222,9
2023,NYG,run,1. Own End (75-100),-0.2605791952354407,0.2891566265060241,83
2023,NYG,run,2. Own Mid (50-74),-0.18576137602880796,0.36065573770491804,122
2023,NYG,run,3. Opp Mid (25-49),-0.194751014077152,0.4025974025974026,77
2023,NYG,run,4. Red Zone (10-24),-0.20380908478389415,0.35555555555555557,45
2023,NYG,run,5. Goal-to-Go (<10),-0.10447275967677482,0.46153846153846156,13
2023,NYJ,pass,1. Own End (75-100),-0.187833716316179,0.3391304347826087,115
2023,NYJ,pass,2. Own Mid (50-74),-0.30095739458088894,0.3399014778325123,203
2023,NYJ,pass,3. Opp Mid (25-49),-0.33709049314593725,0.4125,80
2023,NYJ,pass,4. Red Zone (10-24),-0.21546594692018167,0.35,40
2023,NYJ,pass,5. Goal-to-Go (<10),-0.42017550905612566,0.21052631578947367,19
2023,NYJ,run,1. Own End (75-100),-0.07075545921877681,0.3108108108108108,74
2023,NYJ,run,2. Own Mid (50-74),-0.3522769443857564,0.3076923076923077,104
2023,NYJ,run,3. Opp Mid (25-49),-0.082269134789711,0.42105263157894735,76
2023,NYJ,run,4. Red Zone (10-24),-0.12814028983502376,0.2972972972972973,37
2023,NYJ,run,5. Goal-to-Go (<10),0.3224790649692295,0.5,10
2023,PHI,pass,1. Own End (75-100),-0.04988050472908573,0.4051724137931034,116
2023,PHI,pass,2. Own Mid (50-74),0.14670842996308353,0.46408839779005523,181
2023,PHI,pass,3. Opp Mid (25-49),0.29117309140338254,0.5039370078740157,127
2023,PHI,pass,4. Red Zone (10-24),0.09011178159727316,0.46153846153846156,52
2023,PHI,pass,5. Goal-to-Go (<10),0.559173053763658,0.5384615384615384,13
2023,PHI,run,1. Own End (75-100),-0.05062855237723424,0.4264705882352941,68
2023,PHI,run,2. Own Mid (50-74),0.1020591557138354,0.5220588235294118,136
2023,PHI,run,3. Opp Mid (25-49),0.03210243439007231,0.45263157894736844,95
2023,PHI,run,4. Red Zone (10-24),0.07335964438821761,0.4423076923076923,52
2023,PHI,run,5. Goal-to-Go (<10),-0.03975732243742667,0.5227272727272727,44
2023,PIT,pass,1. Own End (75-100),0.04060157413240867,0.46296296296296297,108
2023,PIT,pass,2. Own Mid (50-74),-0.007049662838336813,0.4157303370786517,178
2023,PIT,pass,3. Opp Mid (25-49),-0.42223174391775437,0.3333333333333333,90
2023,PIT,pass,4. Red Zone (10-24),-0.14697325950760254,0.42857142857142855,28
2023,PIT,pass,5. Goal-to-Go (<10),-0.5947933970115641,0.23076923076923078,13
2023,PIT,run,1. Own End (75-100),-0.07625223224749789,0.37362637362637363,91
2023,PIT,run,2. Own Mid (50-74),-0.10287484368389666,0.4068965517241379,145
2023,PIT,run,3. Opp Mid (25-49),0.06055212541778529,0.5176470588235295,85
2023,PIT,run,4. Red Zone (10-24),-0.0651645408046026,0.4186046511627907,43
2023,PIT,run,5. Goal-to-Go (<10),0.2437641347731607,0.5,26
2023,SEA,pass,1. Own End (75-100),0.07686056885102988,0.4537037037037037,108
2023,SEA,pass,2. Own Mid (50-74),0.05064753102998236,0.47393364928909953,211
2023,SEA,pass,3. Opp Mid (25-49),0.28719989326402573,0.5338345864661654,133
2023,SEA,pass,4. Red Zone (10-24),-0.118521568373544,0.3125,64
2023,SEA,pass,5. Goal-to-Go (<10),-0.13799529046590242,0.38095238095238093,21
2023,SEA,run,1. Own End (75-100),-0.024462118749700796,0.3,60
2023,SEA,run,2. Own Mid (50-74),0.029421133948066697,0.4636363636363636,110
2023,SEA,run,3. Opp Mid (25-49),-0.014962870248664868,0.4943820224719101,89
2023,SEA,run,4. Red Zone (10-24),-0.17218617330085675,0.29545454545454547,44
2023,SEA,run,5. Goal-to-Go (<10),0.017043658324195455,0.4411764705882353,34
2023,SF,pass,1. Own End (75-100),0.28389071265295107,0.5232558139534884,86
2023,SF,pass,2. Own Mid (50-74),0.3832630096061621,0.576,125
2023,SF,pass,3. Opp Mid (25-49),0.3342866626838515,0.5486725663716814,113
2023,SF,pass,4. Red Zone (10-24),0.1076738022835598,0.5,46
2023,SF,pass,5. Goal-to-Go (<10),0.05169096597459741,0.47058823529411764,17
2023,SF,run,1. Own End (75-100),0.02246502643034686,0.4230769230769231,52
2023,SF,run,2. Own Mid (50-74),0.17969998993111752,0.5185185185185185,81
2023,SF,run,3. Opp Mid (25-49),0.053688651504828794,0.5058823529411764,85
2023,SF,run,4. Red Zone (10-24),-0.07894056458765893,0.4583333333333333,48
2023,SF,run,5. Goal-to-Go (<10),0.5497271311109407,0.6842105263157895,38
2023,TB,pass,1. Own End (75-100),0.03655054078130475,0.4659090909090909,88
2023,TB,pass,2. Own Mid (50-74),-0.01582923255171076,0.41397849462365593,186
2023,TB,pass,3. Opp Mid (25-49),0.16911877420175814,0.47863247863247865,117
2023,TB,pass,4. Red Zone (10-24),0.05916000356077282,0.3469387755102041,49
2023,TB,pass,5. Goal-to-Go (<10),-0.14229320983991298,0.34615384615384615,26
2023,TB,run,1. Own End (75-100),-0.24816883609221294,0.2682926829268293,82
2023,TB,run,2. Own Mid (50-74),-0.055722037110374205,0.40476190476190477,126
2023,TB,run,3. Opp Mid (25-49),-0.1912194113005116,0.2926829268292683,82
2023,TB,run,4. Red Zone (10-24),0.012463194511570585,0.29411764705882354,34
2023,TB,run,5. Goal-to-Go (<10),0.14604890218631933,0.4444444444444444,18
2023,TEN,pass,1. Own End (75-100),0.03221215244494235,0.4536082474226804,97
2023,TEN,pass,2. Own Mid (50-74),-0.1228442395139443,0.3548387096774194,186
2023,TEN,pass,3. Opp Mid (25-49),0.1857914364399937,0.5,96
2023,TEN,pass,4. Red Zone (10-24),-0.36969272317770446,0.23529411764705882,51
2023,TEN,pass,5. Goal-to-Go (<10),-0.4113767170515521,0.2,10
2023,TEN,run,1. Own End (75-100),-0.14068738667722142,0.37209302325581395,86
2023,TEN,run,2. Own Mid (50-74),0.07000180494784652,0.43661971830985913,142
2023,TEN,run,3. Opp Mid (25-49),-0.15841633341307595,0.3125,80
2023,TEN,run,4. Red Zone (10-24),0.2912256252402719,0.47058823529411764,34
2023,TEN,run,5. Goal-to-Go (<10),0.11616224969387985,0.56,25
2023,WAS,pass,1. Own End (75-100),-0.05430047246312441,0.46788990825688076,109
2023,WAS,pass,2. Own Mid (50-74),-0.16608599197799642,0.4398148148148148,216
2023,WAS,pass,3. Opp Mid (25-49),-0.023290642991177384,0.416,125
2023,WAS,pass,4. Red Zone (10-24),-0.22459786864272363,0.2777777777777778,54
2023,WAS,pass,5. Goal-to-Go (<10),-0.4214672274071184,0.28,25
2023,WAS,run,1. Own End (75-100),-0.23246107357603327,0.23943661971830985,71
2023,WAS,run,2. Own Mid (50-74),0.024407172642619997,0.45454545454545453,99
2023,WAS,run,3. Opp Mid (25-49),-0.06404359568949547,0.5185185185185185,54
2023,WAS,run,4. Red Zone (10-24),0.029019710978733102,0.46153846153846156,39
2023,WAS,run,5. Goal-to-Go (<10),0.5914092219248969,0.7142857142857143,21
2024,ARI,pass,1. Own End (75-100),-0.024778705834510868,0.42857142857142855,56
2024,ARI,pass,2. Own Mid (50-74),0.071361397915781,0.48292682926829267,205
2024,ARI,pass,3. Opp Mid (25-49),0.004445714564987618,0.5043478260869565,115
2024,ARI,pass,4. Red Zone (10-24),0.014692851886706068,0.43333333333333335,60
2024,ARI,pass,5. Goal-to-Go (<10),0.0946936332904967,0.5,24
2024,ARI,run,1. Own End (75-100),0.06128129026341333,0.32608695652173914,46
2024,ARI,run,2. Own Mid (50-74),0.10090511001788242,0.4260869565217391,115
2024,ARI,run,3. Opp Mid (25-49),0.16039672290471624,0.55,100
2024,ARI,run,4. Red Zone (10-24),-0.24304234539329203,0.3191489361702128,47
2024,ARI,run,5. Goal-to-Go (<10),0.391309419564143,0.5789473684210527,19
2024,ATL,pass,1. Own End (75-100),0.291992118417357,0.5076923076923077,65
2024,ATL,pass,2. Own Mid (50-74),0.14266252172799115,0.5071090047393365,211
2024,ATL,pass,3. Opp Mid (25-49),-0.09397552426120163,0.48214285714285715,168
2024,ATL,pass,4. Red Zone (10-24),0.23639400366899177,0.42857142857142855,63
2024,ATL,pass,5. Goal-to-Go (<10),-0.21268106282415666,0.29411764705882354,17
2024,ATL,run,1. Own End (75-100),0.17955105257715331,0.5535714285714286,56
2024,ATL,run,2. Own Mid (50-74),-0.025484812908036142,0.4557823129251701,147
2024,ATL,run,3. Opp Mid (25-49),0.10285417751751148,0.5398230088495575,113
2024,ATL,run,4. Red Zone (10-24),-0.22217932003305593,0.3673469387755102,49
2024,ATL,run,5. Goal-to-Go (<10),0.2050340932555406,0.5121951219512195,41
2024,BAL,pass,1. Own End (75-100),0.18982100660251755,0.46774193548387094,62
2024,BAL,pass,2. Own Mid (50-74),0.37328552377190305,0.5555555555555556,153
2024,BAL,pass,3. Opp Mid (25-49),0.25973626969194247,0.496,125
2024,BAL,pass,4. Red Zone (10-24),0.3554963665600526,0.4423076923076923,52
2024,BAL,pass,5. Goal-to-Go (<10),0.6358774151722199,0.5833333333333334,24
2024,BAL,run,1. Own End (75-100),0.044298352097232256,0.4166666666666667,72
2024,BAL,run,2. Own Mid (50-74),0.22283807987721138,0.5035460992907801,141
2024,BAL,run,3. Opp Mid (25-49),-0.059316258314374204,0.5180722891566265,83
2024,BAL,run,4. Red Zone (10-24),-0.03737684766998522,0.3953488372093023,43
2024,BAL,run,5. Goal-to-Go (<10),0.27618711502089777,0.6923076923076923,26
2024,BUF,pass,1. Own End (75-100),0.4414656789649598,0.5833333333333334,48
2024,BUF,pass,2. Own Mid (50-74),0.06663825883714898,0.4858757062146893,177
2024,BUF,pass,3. Opp Mid (25-49),0.2791227970121918,0.5,124
2024,BUF,pass,4. Red Zone (10-24),0.24126572279578615,0.46808510638297873,47
2024,BUF,pass,5. Goal-to-Go (<10),0.49775155229869483,0.43478260869565216,23
2024,BUF,run,1. Own End (75-100),0.18324801776907407,0.5,32
2024,BUF,run,2. Own Mid (50-74),0.13166491213438955,0.475,120
2024,BUF,run,3. Opp Mid (25-49),0.11985804880169919,0.4479166666666667,96
2024,BUF,run,4. Red Zone (10-24),0.08777517698250237,0.5102040816326531,49
2024,BUF,run,5. Goal-to-Go (<10),0.42188109774215266,0.625,40
2024,CAR,pass,1. Own End (75-100),-0.05676643204680629,0.32786885245901637,61
2024,CAR,pass,2. Own Mid (50-74),-0.2900854598996375,0.33125,160
2024,CAR,pass,3. Opp Mid (25-49),0.13472724242428621,0.5480769230769231,104
2024,CAR,pass,4. Red Zone (10-24),0.17291033745918075,0.4375,48
2024,CAR,pass,5. Goal-to-Go (<10),0.793477264697761,0.5217391304347826,23
2024,CAR,run,1. Own End (75-100),-0.10434199995801759,0.32432432432432434,37
2024,CAR,run,2. Own Mid (50-74),0.034710891546569485,0.45864661654135336,133
2024,CAR,run,3. Opp Mid (25-49),0.0849715067339981,0.4264705882352941,68
2024,CAR,run,4. Red Zone (10-24),0.14636057593523233,0.45652173913043476,46
2024,CAR,run,5. Goal-to-Go (<10),-0.007228293785311538,0.4482758620689655,29
2024,CHI,pass,1. Own End (75-100),-0.1866027983495899,0.4,70
2024,CHI,pass,2. Own Mid (50-74),-0.1539471498594503,0.405,200
2024,CHI,pass,3. Opp Mid (25-49),-0.3112012443237253,0.31666666666666665,120
2024,CHI,pass,4. Red Zone (10-24),-0.020037287638475933,0.3103448275862069,29
2024,CHI,pass,5. Goal-to-Go (<10),0.06459778670838776,0.38461538461538464,13
2024,CHI,run,1. Own End (75-100),0.002099779238320749,0.37037037037037035,54
2024,CHI,run,2. Own Mid (50-74),-0.10595257777503916,0.43448275862068964,145
2024,CHI,run,3. Opp Mid (25-49),-0.0847819642375911,0.4025974025974026,77
2024,CHI,run,4. Red Zone (10-24),0.010260081461519409,0.4782608695652174,23
2024,CHI,run,5. Goal-to-Go (<10),0.08080005543160951,0.5833333333333334,24
2024,CIN,pass,1. Own End (75-100),0.19291145447135458,0.5434782608695652,46
2024,CIN,pass,2. Own Mid (50-74),0.24333196628996281,0.5672268907563025,238
2024,CIN,pass,3. Opp Mid (25-49),0.10700301820198112,0.5263157894736842,190
2024,CIN,pass,4. Red Zone (10-24),0.3118988534867588,0.5205479452054794,73
2024,CIN,pass,5. Goal-to-Go (<10),-0.031731194831232996,0.41379310344827586,58
2024,CIN,run,1. Own End (75-100),-0.02007429960994395,0.5185185185185185,27
2024,CIN,run,2. Own Mid (50-74),0.056146170565368095,0.3805309734513274,113
2024,CIN,run,3. Opp Mid (25-49),-0.05934664332118581,0.3875,80
2024,CIN,run,4. Red Zone (10-24),-0.12192945673795083,0.40540540540540543,37
2024,CIN,run,5. Goal-to-Go (<10),0.11261383041252244,0.48148148148148145,27
2024,CLE,pass,1. Own End (75-100),-0.22429210874047995,0.31958762886597936,97
2024,CLE,pass,2. Own Mid (50-74),-0.3052318339547646,0.3671497584541063,207
2024,CLE,pass,3. Opp Mid (25-49),-0.16293097471596993,0.36885245901639346,122
2024,CLE,pass,4. Red Zone (10-24),0.26402996050984257,0.42105263157894735,38
2024,CLE,pass,5. Goal-to-Go (<10),-1.0625207343289513,0.20833333333333334,24
2024,CLE,run,1. Own End (75-100),0.005798613975825224,0.2978723404255319,47
2024,CLE,run,2. Own Mid (50-74),-0.09582776905440145,0.3442622950819672,122
2024,CLE,run,3. Opp Mid (25-49),-0.24216027017305183,0.3855421686746988,83
2024,CLE,run,4. Red Zone (10-24),-0.16818396433231803,0.3125,32
2024,CLE,run,5. Goal-to-Go (<10),0.14185280804989078,0.5555555555555556,27
2024,DAL,pass,1. Own End (75-100),0.06636446399123608,0.42857142857142855,70
2024,DAL,pass,2. Own Mid (50-74),0.03399913489908,0.460093896713615,213
2024,DAL,pass,3. Opp Mid (25-49),0.038964594432785896,0.4827586206896552,116
2024,DAL,pass,4. Red Zone (10-24),-0.1671997626279394,0.38181818181818183,55
2024,DAL,pass,5. Goal-to-Go (<10),-0.5990332022802959,0.3333333333333333,18
2024,DAL,run,1. Own End (75-100),-0.1416382470712191,0.4230769230769231,52
2024,DAL,run,2. Own Mid (50-74),-0.0752606442069269,0.40476190476190477,126
2024,DAL,run,3. Opp Mid (25-49),0.006394591636906338,0.425,80
2024,DAL,run,4. Red Zone (10-24),-0.29676132124470045,0.32558139534883723,43
2024,DAL,run,5. Goal-to-Go (<10),-0.4592975993985796,0.45,20
2024,DEN,pass,1. Own End (75-100),0.3186742810151455,0.41818181818181815,55
2024,DEN,pass,2. Own Mid (50-74),-0.12118680118845077,0.405,200
2024,DEN,pass,3. Opp Mid (25-49),-0.06291488887962171,0.40869565217391307,115
2024,DEN,pass,4. Red Zone (10-24),0.29804950858258256,0.5,42
2024,DEN,pass,5. Goal-to-Go (<10),0.3157476754430191,0.5789473684210527,19
2024,DEN,run,1. Own End (75-100),0.11033435924473452,0.475,40
2024,DEN,run,2. Own Mid (50-74),0.020467625916453784,0.4,145
2024,DEN,run,3. Opp Mid (25-49),-0.14641701649237285,0.4264705882352941,68
2024,DEN,run,4. Red Zone (10-24),-0.05210172591524783,0.40540540540540543,37
2024,DEN,run,5. Goal-to-Go (<10),0.15625012613877298,0.3333333333333333,21
2024,DET,pass,1. Own End (75-100),0.4482311280468518,0.5625,48
2024,DET,pass,2. Own Mid (50-74),0.14783860709957525,0.5654761904761905,168
2024,DET,pass,3. Opp Mid (25-49),0.29163612785133497,0.559322033898305,118
2024,DET,pass,4. Red Zone (10-24),-0.020735209952897696,0.3448275862068966,58
2024,DET,pass,5. Goal-to-Go (<10),0.703671072098992,0.5517241379310345,29
2024,DET,run,1. Own End (75-100),0.08657523950205359,0.40625,32
2024,DET,run,2. Own Mid (50-74),-0.07582941720532042,0.42424242424242425,132
2024,DET,run,3. Opp Mid (25-49),0.20037988871964632,0.5444444444444444,90
2024,DET,run,4. Red Zone (10-24),-0.06531156565481501,0.38461538461538464,52
2024,DET,run,5. Goal-to-Go (<10),0.2748503569560621,0.6382978723404256,47
2024,GB,pass,1. Own End (75-100),0.04774996909287034,0.4888888888888889,45
2024,GB,pass,2. Own Mid (50-74),0.20703450248129968,0.45528455284552843,123
2024,GB,pass,3. Opp Mid (25-49),0.14778078388802154,0.47619047619047616,84
2024,GB,pass,4. Red Zone (10-24),0.02620755007707869,0.4375,48
2024,GB,pass,5. Goal-to-Go (<10),0.00517739022448172,0.38095238095238093,21
2024,GB,run,1. Own End (75-100),0.2466724785399714,0.5853658536585366,41
2024,GB,run,2. Own Mid (50-74),0.061080491922172554,0.45112781954887216,133
2024,GB,run,3. Opp Mid (25-49),0.09154877780481002,0.4421052631578947,95
2024,GB,run,4. Red Zone (10-24),0.07163684511961894,0.3877551020408163,49
2024,GB,run,5. Goal-to-Go (<10),0.034026832021702307,0.5454545454545454,33
2024,HOU,pass,1. Own End (75-100),0.0555655577523001,0.44871794871794873,78
2024,HOU,pass,2. Own Mid (50-74),0.13640500115182808,0.48130841121495327,214
2024,HOU,pass,3. Opp Mid (25-49),-0.07022876168003955,0.4411764705882353,136
2024,HOU,pass,4. Red Zone (10-24),-0.3003391319474324,0.25,56
2024,HOU,pass,5. Goal-to-Go (<10),0.5423718595163973,0.5,22
2024,HOU,run,1. Own End (75-100),0.10718164693389554,0.4230769230769231,52
2024,HOU,run,2. Own Mid (50-74),-0.15989620005711913,0.3089430894308943,123
2024,HOU,run,3. Opp Mid (25-49),0.07287586313881154,0.3522727272727273,88
2024,HOU,run,4. Red Zone (10-24),-0.09437123749851568,0.3684210526315789,57
2024,HOU,run,5. Goal-to-Go (<10),-0.3543568681843504,0.3225806451612903,31
2024,IND,pass,1. Own End (75-100),-0.3533545827433247,0.2638888888888889,72
2024,IND,pass,2. Own Mid (50-74),0.045824111847423306,0.4444444444444444,207
2024,IND,pass,3. Opp Mid (25-49),-0.054032143886056226,0.45714285714285713,105
2024,IND,pass,4. Red Zone (10-24),-0.16774281538991495,0.3090909090909091,55
2024,IND,pass,5. Goal-to-Go (<10),0.24522241747151732,0.4117647058823529,17
2024,IND,run,1. Own End (75-100),-0.2042592155205692,0.2698412698412698,63
2024,IND,run,2. Own Mid (50-74),0.033033783562239946,0.4074074074074074,135
2024,IND,run,3. Opp Mid (25-49),0.02760630262117511,0.4915254237288136,118
2024,IND,run,4. Red Zone (10-24),-0.07346815223036016,0.39285714285714285,56
2024,IND,run,5. Goal-to-Go (<10),-0.1650892859751516,0.3829787234042553,47
2024,JAX,pass,1. Own End (75-100),0.25287839670056017,0.4943820224719101,89
2024,JAX,pass,2. Own Mid (50-74),-0.09326844039159221,0.4186046511627907,215
2024,JAX,pass,3. Opp Mid (25-49),-0.22769736104763233,0.3875,80
2024,JAX,pass,4. Red Zone (10-24),0.3185705430641421,0.48717948717948717,39
2024,JAX,pass,5. Goal-to-Go (<10),0.06547870426060655,0.36363636363636365,22
2024,JAX,run,1. Own End (75-100),-0.23071239244465966,0.25,52
2024,JAX,run,2. Own Mid (50-74),-0.10951721755386182,0.4057971014492754,138
2024,JAX,run,3. Opp Mid (25-49),0.05997641253678372,0.475,80
2024,JAX,run,4. Red Zone (10-24),0.18803969799210468,0.4838709677419355,31
2024,JAX,run,5. Goal-to-Go (<10),-0.05856153168380263,0.3448275862068966,29
2024,KC,pass,1. Own End (75-100),0.15004619403958452,0.5,70
2024,KC,pass,2. Own Mid (50-74),0.06742052485560128,0.4885844748858447,219
2024,KC,pass,3. Opp Mid (25-49),0.2454923580816515,0.5324675324675324,154
2024,KC,pass,4. Red Zone (10-24),-0.00790752403144591,0.4520547945205479,73
2024,KC,pass,5. Goal-to-Go (<10),0.24521874539509184,0.4358974358974359,39
2024,KC,run,1. Own End (75-100),0.08452374093258186,0.453125,64
2024,KC,run,2. Own Mid (50-74),-0.058159300802477464,0.4690265486725664,113
2024,KC,run,3. Opp Mid (25-49),0.14027204245584154,0.5104166666666666,96
2024,KC,run,4. Red Zone (10-24),0.11728291404328307,0.5769230769230769,52
2024,KC,run,5. Goal-to-Go (<10),0.12372531018962063,0.5142857142857142,35
2024,LA,pass,1. Own End (75-100),0.20458721323191878,0.5507246376811594,69
2024,LA,pass,2. Own Mid (50-74),0.15108542684154674,0.5114155251141552,219
2024,LA,pass,3. Opp Mid (25-49),-0.014800582986722446,0.4701492537313433,134
2024,LA,pass,4. Red Zone (10-24),-0.06574792445636675,0.41304347826086957,46
2024,LA,pass,5. Goal-to-Go (<10),-0.40365833223907543,0.3157894736842105,38
2024,LA,run,1. Own End (75-100),-0.16548331148927295,0.3125,48
2024,LA,run,2. Own Mid (50-74),-0.022270715157799003,0.42857142857142855,133
2024,LA,run,3. Opp Mid (25-49),-0.03114731954837951,0.5377358490566038,106
2024,LA,run,4. Red Zone (10-24),0.042597585061452496,0.5789473684210527,57
2024,LA,run,5. Goal-to-Go (<10),0.08169391369530266,0.45714285714285713,35
2024,LAC,pass,1. Own End (75-100),0.03642722271186741,0.4421052631578947,95
2024,LAC,pass,2. Own Mid (50-74),0.24735666951590235,0.49696969696969695,165
2024,LAC,pass,3. Opp Mid (25-49),0.281570354192266,0.5084745762711864,118
2024,LAC,pass,4. Red Zone (10-24),-0.22244547466591036,0.3125,48
2024,LAC,pass,5. Goal-to-Go (<10),0.014692291548405765,0.3888888888888889,18
2024,LAC,run,1. Own End (75-100),-0.09921567486916584,0.2909090909090909,55
2024,LAC,run,2. Own Mid (50-74),-0.1267660448445071,0.38461538461538464,117
2024,LAC,run,3. Opp Mid (25-49),0.029762580684225562,0.42424242424242425,99
2024,LAC,run,4. Red Zone (10-24),0.12365830092407586,0.5,34
2024,LAC,run,5. Goal-to-Go (<10),0.016033427859790148,0.36,25
2024,LV,pass,1. Own End (75-100),-0.25378822133005663,0.3561643835616438,73
2024,LV,pass,2. Own Mid (50-74),-0.0033844810725568724,0.45454545454545453,231
2024,LV,pass,3. Opp Mid (25-49),-0.057502418867034305,0.4260869565217391,115
2024,LV,pass,4. Red Zone (10-24),-0.20633037130300536,0.3684210526315789,38
2024,LV,pass,5. Goal-to-Go (<10),-1.1875096596036452,0.21428571428571427,28
2024,LV,run,1. Own End (75-100),-0.1677776326944765,0.3076923076923077,65
2024,LV,run,2. Own Mid (50-74),-0.2613762121727632,0.296875,128
2024,LV,run,3. Opp Mid (25-49),-0.29960241644324026,0.3875,80
2024,LV,run,4. Red Zone (10-24),0.1535430940900602,0.5897435897435898,39
2024,LV,run,5. Goal-to-Go (<10),-0.2258547422476113,0.36666666666666664,30
2024,MIA,pass,1. Own End (75-100),0.47082868972522973,0.5535714285714286,56
2024,MIA,pass,2. Own Mid (50-74),0.021185593044337554,0.49743589743589745,195
2024,MIA,pass,3. Opp Mid (25-49),-0.09265940118068272,0.4594594594594595,148
2024,MIA,pass,4. Red Zone (10-24),0.03689114982988254,0.4032258064516129,62
2024,MIA,pass,5. Goal-to-Go (<10),0.3590660873654296,0.4642857142857143,28
2024,MIA,run,1. Own End (75-100),-0.18126134952520565,0.3333333333333333,48
2024,MIA,run,2. Own Mid (50-74),-0.058958263105202656,0.45588235294117646,136
2024,MIA,run,3. Opp Mid (25-49),-0.30478704743704715,0.42105263157894735,114
2024,MIA,run,4. Red Zone (10-24),-0.16468449165671462,0.35,40
2024,MIA,run,5. Goal-to-Go (<10),-0.2547188327444019,0.26666666666666666,30
2024,MIN,pass,1. Own End (75-100),0.3115144515544391,0.5384615384615384,65
2024,MIN,pass,2. Own Mid (50-74),0.438437789784075,0.6079545454545454,176
2024,MIN,pass,3. Opp Mid (25-49),-0.0005083213989880823,0.4461538461538462,130
2024,MIN,pass,4. Red Zone (10-24),-0.1544992313527438,0.3880597014925373,67
2024,MIN,pass,5. Goal-to-Go (<10),-0.13769242900106518,0.45714285714285713,35
2024,MIN,run,1. Own End (75-100),0.0674053121198851,0.5,38
2024,MIN,run,2. Own Mid (50-74),0.018208076596416743,0.3925233644859813,107
2024,MIN,run,3. Opp Mid (25-49),0.023612835984263107,0.5288461538461539,104
2024,MIN,run,4. Red Zone (10-24),-0.2405205420457642,0.2222222222222222,36
2024,MIN,run,5. Goal-to-Go (<10),-0.5817238877603093,0.2,20
2024,NE,pass,1. Own End (75-100),-0.13092374797382106,0.5,52
2024,NE,pass,2. Own Mid (50-74),-0.19991808803651898,0.4336734693877551,196
2024,NE,pass,3. Opp Mid (25-49),0.404540267276198,0.5268817204301075,93
2024,NE,pass,4. Red Zone (10-24),-0.16171760984723574,0.4067796610169492,59
2024,NE,pass,5. Goal-to-Go (<10),-0.3832171530549565,0.21052631578947367,19
2024,NE,run,1. Own End (75-100),-0.09054222672005251,0.39285714285714285,56
2024,NE,run,2. Own Mid (50-74),-0.10911318804999745,0.34814814814814815,135
2024,NE,run,3. Opp Mid (25-49),-0.004167038523222578,0.4691358024691358,81
2024,NE,run,4. Red Zone (10-24),-0.009351007691496507,0.39215686274509803,51
2024,NE,run,5. Goal-to-Go (<10),-0.09760884946561418,0.44,25
2024,NO,pass,1. Own End (75-100),0.07401723783113993,0.42,50
2024,NO,pass,2. Own Mid (50-74),-0.048277458513253914,0.4029126213592233,206
2024,NO,pass,3. Opp Mid (25-49),0.038629849653926324,0.43333333333333335,120
2024,NO,pass,4. Red Zone (10-24),-0.03373508088371112,0.2978723404255319,47
2024,NO,pass,5. Goal-to-Go (<10),0.25992428038443904,0.6,10
2024,NO,run,1. Own End (75-100),0.005222537269889328,0.42105263157894735,38
2024,NO,run,2. Own Mid (50-74),-0.03075763141684462,0.4172661870503597,139
2024,NO,run,3. Opp Mid (25-49),-0.05543896569563176,0.3877551020408163,98
2024,NO,run,4. Red Zone (10-24),-0.20426751523628836,0.3333333333333333,42
2024,NO,run,5. Goal-to-Go (<10),0.18229473920239667,0.5714285714285714,21
2024,NYG,pass,1. Own End (75-100),0.2324840026659121,0.5192307692307693,52
2024,NYG,pass,2. Own Mid (50-74),-0.2708217375539811,0.36097560975609755,205
2024,NYG,pass,3. Opp Mid (25-49),-0.09061430271245305,0.4732824427480916,131
2024,NYG,pass,4. Red Zone (10-24),-0.5859267279941363,0.32432432432432434,37
2024,NYG,pass,5. Goal-to-Go (<10),0.2717945462386153,0.4444444444444444,18
2024,NYG,run,1. Own End (75-100),-0.13035223731846624,0.24324324324324326,37
2024,NYG,run,2. Own Mid (50-74),0.009683415068455202,0.38509316770186336,161
2024,NYG,run,3. Opp Mid (25-49),-0.14197527769696178,0.3917525773195876,97
2024,NYG,run,4. Red Zone (10-24),0.08386134579944025,0.5,28
2024,NYG,run,5. Goal-to-Go (<10),-0.27352653987916364,0.6190476190476191,21
2024,NYJ,pass,1. Own End (75-100),-0.2586442627467477,0.325,80
2024,NYJ,pass,2. Own Mid (50-74),0.08039682402961483,0.4392523364485981,214
2024,NYJ,pass,3. Opp Mid (25-49),0.13631256507191303,0.48366013071895425,153
2024,NYJ,pass,4. Red Zone (10-24),0.011759739257142462,0.423728813559322,59
2024,NYJ,pass,5. Goal-to-Go (<10),0.1583304006677134,0.56,25
2024,NYJ,run,1. Own End (75-100),0.02485145956161432,0.46,50
2024,NYJ,run,2. Own Mid (50-74),-0.17514746118857855,0.34532374100719426,139
2024,NYJ,run,3. Opp Mid (25-49),0.05623338422654862,0.4880952380952381,84
2024,NYJ,run,4. Red Zone (10-24),-0.33277375683649096,0.23333333333333334,30
2024,NYJ,run,5. Goal-to-Go (<10),0.26607169328053715,0.5,12
2024,PHI,pass,1. Own End (75-100),0.2530273659529326,0.5652173913043478,46
2024,PHI,pass,2. Own Mid (50-74),0.034579323052825475,0.4032258064516129,186
2024,PHI,pass,3. Opp Mid (25-49),0.1693791247157747,0.504424778761062,113
2024,PHI,pass,4. Red Zone (10-24),-0.17016484258331135,0.3870967741935484,62
2024,PHI,pass,5. Goal-to-Go (<10),0.34321310525123516,0.47368421052631576,19
2024,PHI,run,1. Own End (75-100),-0.13280766281373377,0.38636363636363635,44
2024,PHI,run,2. Own Mid (50-74),0.16315811574781672,0.4457831325301205,166
2024,PHI,run,3. Opp Mid (25-49),0.10597846997448201,0.4632352941176471,136
2024,PHI,run,4. Red Zone (10-24),0.18658676811721217,0.4576271186440678,59
2024,PHI,run,5. Goal-to-Go (<10),0.18355891406785563,0.5428571428571428,35
2024,PIT,pass,1. Own End (75-100),0.12340334890302204,0.35714285714285715,70
2024,PIT,pass,2. Own Mid (50-74),-0.05575318197455593,0.4212962962962963,216
2024,PIT,pass,3. Opp Mid (25-49),-0.11433607108531889,0.4473684210526316,114
2024,PIT,pass,4. Red Zone (10-24),0.309557681183382,0.4523809523809524,42
2024,PIT,pass,5. Goal-to-Go (<10),-0.3135687920796671,0.25,24
2024,PIT,run,1. Own End (75-100),0.021348952175334522,0.3157894736842105,57
2024,PIT,run,2. Own Mid (50-74),-0.14604026323390507,0.36942675159235666,157
2024,PIT,run,3. Opp Mid (25-49),-0.016958396911584055,0.43478260869565216,115
2024,PIT,run,4. Red Zone (10-24),-0.12338510475908772,0.38636363636363635,44
2024,PIT,run,5. Goal-to-Go (<10),-0.13264426382647798,0.4375,32
2024,SEA,pass,1. Own End (75-100),-0.011683381152882552,0.4803921568627451,102
2024,SEA,pass,2. Own Mid (50-74),0.08652261421060384,0.47,200
2024,SEA,pass,3. Opp Mid (25-49),-0.12274306748292302,0.45390070921985815,141
2024,SEA,pass,4. Red Zone (10-24),0.4067980506076326,0.4772727272727273,44
2024,SEA,pass,5. Goal-to-Go (<10),-1.3360455046513648,0.3125,16
2024,SEA,run,1. Own End (75-100),-0.156903224544215,0.3695652173913043,46
2024,SEA,run,2. Own Mid (50-74),-0.051285800244298206,0.3953488372093023,129
2024,SEA,run,3. Opp Mid (25-49),0.05538512269921073,0.4788732394366197,71
2024,SEA,run,4. Red Zone (10-24),-0.1599117382722174,0.35714285714285715,28
2024,SEA,run,5. Goal-to-Go (<10),-0.21680092244787375,0.5,32
2024,SF,pass,1. Own End (75-100),0.49385142690207773,0.6415094339622641,53
2024,SF,pass,2. Own Mid (50-74),0.21110781400654025,0.5576923076923077,156
2024,SF,pass,3. Opp Mid (25-49),0.02565355356492717,0.4461538461538462,130
2024,SF,pass,4. Red Zone (10-24),0.3527117460414235,0.4791666666666667,48
2024,SF,pass,5. Goal-to-Go (<10),-0.27520178794162004,0.34210526315789475,38
2024,SF,run,1. Own End (75-100),0.12744010697692496,0.5121951219512195,41
2024,SF,run,2. Own Mid (50-74),0.073422077840761,0.46956521739130436,115
2024,SF,run,3. Opp Mid (25-49),-0.10334142205420396,0.35294117647058826,102
2024,SF,run,4. Red Zone (10-24),0.10037733137488387,0.5238095238095238,42
2024,SF,run,5. Goal-to-Go (<10),-0.6061348081547515,0.3235294117647059,34
2024,TB,pass,1. Own End (75-100),0.27965724133281855,0.5789473684210527,57
2024,TB,pass,2. Own Mid (50-74),-0.006533959143836415,0.48514851485148514,202
2024,TB,pass,3. Opp Mid (25-49),0.2647144308886959,0.5126050420168067,119
2024,TB,pass,4. Red Zone (10-24),0.39604917899650155,0.5,48
2024,TB,pass,5. Goal-to-Go (<10),-0.005510632822501033,0.5,36
2024,TB,run,1. Own End (75-100),0.038067720460889555,0.46511627906976744,43
2024,TB,run,2. Own Mid (50-74),0.04420905597662631,0.4125874125874126,143
2024,TB,run,3. Opp Mid (25-49),0.1268930083033446,0.5531914893617021,94
2024,TB,run,4. Red Zone (10-24),0.1865127891049111,0.5121951219512195,41
2024,TB,run,5. Goal-to-Go (<10),-0.1379696515793967,0.4230769230769231,26
2024,TEN,pass,1. Own End (75-100),0.13823053504701852,0.5,76
2024,TEN,pass,2. Own Mid (50-74),-0.4588557631263606,0.32926829268292684,164
2024,TEN,pass,3. Opp Mid (25-49),0.05277025471222471,0.43243243243243246,111
2024,TEN,pass,4. Red Zone (10-24),-0.40195173327024736,0.24,25
2024,TEN,pass,5. Goal-to-Go (<10),-0.48513594554757156,0.38095238095238093,21
2024,TEN,run,1. Own End (75-100),-0.1692719381378265,0.34,50
2024,TEN,run,2. Own Mid (50-74),-0.19474703956594958,0.38961038961038963,154
2024,TEN,run,3. Opp Mid (25-49),-0.047986702242760935,0.4270833333333333,96
2024,TEN,run,4. Red Zone (10-24),0.11495902657248801,0.4222222222222222,45
2024,TEN,run,5. Goal-to-Go (<10),-0.0076991589784949676,0.42857142857142855,14
2024,WAS,pass,1. Own End (75-100),0.29810822198487585,0.4807692307692308,52
2024,WAS,pass,2. Own Mid (50-74),-0.011188348286515592,0.4473684210526316,190
2024,WAS,pass,3. Opp Mid (25-49),-0.0183565896674959,0.452991452991453,117
2024,WAS,pass,4. Red Zone (10-24),-0.06339101435695713,0.36585365853658536,41
2024,WAS,pass,5. Goal-to-Go (<10),0.3645841761644412,0.48,25
2024,WAS,run,1. Own End (75-100),0.13386555469002237,0.36363636363636365,33
2024,WAS,run,2. Own Mid (50-74),0.014748588452139536,0.452991452991453,117
2024,WAS,run,3. Opp Mid (25-49),0.2559072800710602,0.575,120
2024,WAS,run,4. Red Zone (10-24),0.11724381517478832,0.484375,64
2024,WAS,run,5. Goal-to-Go (<10),0.3974429886929917,0.7142857142857143,35
2025,ARI,pass,1. Own End (75-100),0.14218286358906576,0.5128205128205128,78
2025,ARI,pass,2. Own Mid (50-74),-0.0027504677929103692,0.44919786096256686,187
2025,ARI,pass,3. Opp Mid (25-49),0.12392266012706134,0.44537815126050423,119
2025,ARI,pass,4. Red Zone (10-24),-0.06194822277751631,0.3709677419354839,62
2025,ARI,pass,5. Goal-to-Go (<10),-0.02024252974335892,0.4583333333333333,24
2025,ARI,run,1. Own End (75-100),-0.13233890162761477,0.2619047619047619,42
2025,ARI,run,2. Own Mid (50-74),-0.1461993991581238,0.38202247191011235,89
2025,ARI,run,3. Opp Mid (25-49),-0.050414771903653746,0.47619047619047616,84
2025,ARI,run,4. Red Zone (10-24),0.1793379367799903,0.5217391304347826,23
2025,ARI,run,5. Goal-to-Go (<10),0.06457921218243427,0.44,25
2025,ATL,pass,1. Own End (75-100),0.21973180912667886,0.64,50
2025,ATL,pass,2. Own Mid (50-74),0.045927113295254236,0.4532710280373832,214
2025,ATL,pass,3. Opp Mid (25-49),-0.09149541269547828,0.4140625,128
2025,ATL,pass,4. Red Zone (10-24),-0.15363929431402182,0.38333333333333336,60
2025,ATL,pass,5. Goal-to-Go (<10),1.0187182775935837,0.6,20
2025,ATL,run,1. Own End (75-100),0.1867956829475357,0.49206349206349204,63
2025,ATL,run,2. Own Mid (50-74),-0.06825994432033945,0.375,144
2025,ATL,run,3. Opp Mid (25-49),-0.037790010950735684,0.4351851851851852,108
2025,ATL,run,4. Red Zone (10-24),-0.2702760540730668,0.43243243243243246,37
2025,ATL,run,5. Goal-to-Go (<10),0.34699216118692505,0.5555555555555556,27
2025,BAL,pass,1. Own End (75-100),-0.42238137859786895,0.3448275862068966,58
2025,BAL,pass,2. Own Mid (50-74),0.023571244480990572,0.46710526315789475,152
2025,BAL,pass,3. Opp Mid (25-49),0.46230036601878893,0.6138613861386139,101
2025,BAL,pass,4. Red Zone (10-24),-0.25300901168002365,0.3617021276595745,47
2025,BAL,pass,5. Goal-to-Go (<10),-0.8841877520666692,0.16666666666666666,18
2025,BAL,run,1. Own End (75-100),-0.007417179066687822,0.34,50
2025,BAL,run,2. Own Mid (50-74),0.12448647352598177,0.46153846153846156,130
2025,BAL,run,3. Opp Mid (25-49),0.09108853042325839,0.47619047619047616,105
2025,BAL,run,4. Red Zone (10-24),0.1013399492117572,0.44776119402985076,67
2025,BAL,run,5. Goal-to-Go (<10),0.04542434941977262,0.425,40
2025,BUF,pass,1. Own End (75-100),-0.12240727750712165,0.4032258064516129,62
2025,BUF,pass,2. Own Mid (50-74),0.23787069844199876,0.5094339622641509,159
2025,BUF,pass,3. Opp Mid (25-49),0.06262992480173864,0.4274193548387097,124
2025,BUF,pass,4. Red Zone (10-24),-0.11165742812443359,0.42,50
2025,BUF,pass,5. Goal-to-Go (<10),0.12824063616394793,0.5217391304347826,23
2025,BUF,run,1. Own End (75-100),0.2021491620611274,0.4807692307692308,52
2025,BUF,run,2. Own Mid (50-74),0.1053184723282089,0.5,136
2025,BUF,run,3. Opp Mid (25-49),0.14611042676154862,0.48484848484848486,99
2025,BUF,run,4. Red Zone (10-24),-0.03406276176101528,0.4727272727272727,55
2025,BUF,run,5. Goal-to-Go (<10),0.2398125227758655,0.5853658536585366,41
2025,CAR,pass,1. Own End (75-100),0.025998105777067727,0.41818181818181815,55
2025,CAR,pass,2. Own Mid (50-74),-0.18641842341791076,0.42168674698795183,166
2025,CAR,pass,3. Opp Mid (25-49),0.06405477694792983,0.4146341463414634,123
2025,CAR,pass,4. Red Zone (10-24),-0.0489665699048348,0.375,48
2025,CAR,pass,5. Goal-to-Go (<10),-0.1521732963051815,0.45454545454545453,22
2025,CAR,run,1. Own End (75-100),0.05169027030812382,0.4791666666666667,48
2025,CAR,run,2. Own Mid (50-74),0.06126964796119584,0.42948717948717946,156
2025,CAR,run,3. Opp Mid (25-49),-0.10915752531469114,0.47,100
2025,CAR,run,4. Red Zone (10-24),-0.4013089355335849,0.3125,48
2025,CAR,run,5. Goal-to-Go (<10),0.44978969805293073,0.5882352941176471,17
2025,CHI,pass,1. Own End (75-100),-0.06704298287768963,0.40350877192982454,57
2025,CHI,pass,2. Own Mid (50-74),0.18216935871527173,0.4564102564102564,195
2025,CHI,pass,3. Opp Mid (25-49),0.2013916652607775,0.49382716049382713,162
2025,CHI,pass,4. Red Zone (10-24),-0.27224972181228635,0.3157894736842105,57
2025,CHI,pass,5. Goal-to-Go (<10),0.23885467037590055,0.47619047619047616,21
2025,CHI,run,1. Own End (75-100),0.056335920308483764,0.5,50
2025,CHI,run,2. Own Mid (50-74),0.15320603702608163,0.55,140
2025,CHI,run,3. Opp Mid (25-49),0.02067365633147867,0.4827586206896552,116
2025,CHI,run,4. Red Zone (10-24),0.00027442061536179797,0.43859649122807015,57
2025,CHI,run,5. Goal-to-Go (<10),0.21176419152273088,0.5714285714285714,42
2025,CIN,pass,1. Own End (75-100),0.0659550353533739,0.47058823529411764,68
2025,CIN,pass,2. Own Mid (50-74),-0.1960605814350944,0.42792792792792794,222
2025,CIN,pass,3. Opp Mid (25-49),-0.03326015906660428,0.45454545454545453,165
2025,CIN,pass,4. Red Zone (10-24),0.3028208479428648,0.5,52
2025,CIN,pass,5. Goal-to-Go (<10),-0.20825602299853183,0.42857142857142855,28
2025,CIN,run,1. Own End (75-100),0.1717065312768682,0.5416666666666666,48
2025,CIN,run,2. Own Mid (50-74),-0.012578919445090871,0.4188034188034188,117
2025,CIN,run,3. Opp Mid (25-49),0.052758831417498486,0.48,75
2025,CIN,run,4. Red Zone (10-24),0.1352221653869492,0.5357142857142857,28
2025,CIN,run,5. Goal-to-Go (<10),0.37292406992425886,0.5454545454545454,22
2025,CLE,pass,1. Own End (75-100),-0.218276795311858,0.38372093023255816,86
2025,CLE,pass,2. Own Mid (50-74),-0.4065331158954222,0.31343283582089554,201
2025,CLE,pass,3. Opp Mid (25-49),-0.2669968782596456,0.26548672566371684,113
2025,CLE,pass,4. Red Zone (10-24),-0.033542800670075965,0.34210526315789475,38
2025,CLE,pass,5. Goal-to-Go (<10),0.34928446207299924,0.4375,16
2025,CLE,run,1. Own End (75-100),-0.1922633989906899,0.28125,64
2025,CLE,run,2. Own Mid (50-74),-0.12803894534351193,0.3670886075949367,158
2025,CLE,run,3. Opp Mid (25-49),0.1003427935899045,0.40540540540540543,74
2025,CLE,run,4. Red Zone (10-24),-0.2543155484341292,0.25925925925925924,27
2025,CLE,run,5. Goal-to-Go (<10),0.17388251126346102,0.43333333333333335,30
2025,DAL,pass,1. Own End (75-100),0.4143471905108802,0.5909090909090909,66
2025,DAL,pass,2. Own Mid (50-74),0.1917879304830921,0.5,204
2025,DAL,pass,3. Opp Mid (25-49),0.3143752953037088,0.5,128
2025,DAL,pass,4. Red Zone (10-24),0.14952535136460307,0.359375,64
2025,DAL,pass,5. Goal-to-Go (<10),-0.31791177008087584,0.35294117647058826,34
2025,DAL,run,1. Own End (75-100),-0.08619082774496817,0.4230769230769231,52
2025,DAL,run,2. Own Mid (50-74),-0.055793633411494306,0.42063492063492064,126
2025,DAL,run,3. Opp Mid (25-49),0.13963312046503687,0.5161290322580645,93
2025,DAL,run,4. Red Zone (10-24),-0.20801575463748181,0.425531914893617,47
2025,DAL,run,5. Goal-to-Go (<10),0.343287132184795,0.5882352941176471,34
2025,DEN,pass,1. Own End (75-100),-0.12916993384304293,0.3764705882352941,85
2025,DEN,pass,2. Own Mid (50-74),0.0031137039014732535,0.41841004184100417,239
2025,DEN,pass,3. Opp Mid (25-49),0.287875248483093,0.5210084033613446,119
2025,DEN,pass,4. Red Zone (10-24),0.37558770592544516,0.4576271186440678,59
2025,DEN,pass,5. Goal-to-Go (<10),-0.2287432898755551,0.34782608695652173,23
2025,DEN,run,1. Own End (75-100),-0.0715171416216579,0.38596491228070173,57
2025,DEN,run,2. Own Mid (50-74),0.011594428472601297,0.4084507042253521,142
2025,DEN,run,3. Opp Mid (25-49),-0.010514824873842655,0.46987951807228917,83
2025,DEN,run,4. Red Zone (10-24),0.21572805365514278,0.5142857142857142,35
2025,DEN,run,5. Goal-to-Go (<10),0.2828880736131758,0.5517241379310345,29
2025,DET,pass,1. Own End (75-100),0.015681902409865667,0.38028169014084506,71
2025,DET,pass,2. Own Mid (50-74),0.18392306334120126,0.5348837209302325,172
2025,DET,pass,3. Opp Mid (25-49),0.16092406829185338,0.49295774647887325,142
2025,DET,pass,4. Red Zone (10-24),0.15792173961831418,0.43103448275862066,58
2025,DET,pass,5. Goal-to-Go (<10),0.09019791411368104,0.39285714285714285,28
2025,DET,run,1. Own End (75-100),0.2042945325057107,0.48484848484848486,33
2025,DET,run,2. Own Mid (50-74),-0.09916750799834517,0.4140625,128
2025,DET,run,3. Opp Mid (25-49),-0.09956358937699063,0.4,90
2025,DET,run,4. Red Zone (10-24),0.017246350970317244,0.42857142857142855,42
2025,DET,run,5. Goal-to-Go (<10),0.17805545915369736,0.48484848484848486,33
2025,GB,pass,1. Own End (75-100),0.5108150350910342,0.5783132530120482,83
2025,GB,pass,2. Own Mid (50-74),0.24120845649165334,0.5185185185185185,162
2025,GB,pass,3. Opp Mid (25-49),0.2237359196513209,0.518796992481203,133
2025,GB,pass,4. Red Zone (10-24),0.33656352350020813,0.4482758620689655,58
2025,GB,pass,5. Goal-to-Go (<10),0.286795778545217,0.5789473684210527,19
2025,GB,run,1. Own End (75-100),-0.15464275483308093,0.2857142857142857,42
2025,GB,run,2. Own Mid (50-74),-0.036625148241513104,0.4859154929577465,142
2025,GB,run,3. Opp Mid (25-49),0.010704079565093469,0.4406779661016949,118
2025,GB,run,4. Red Zone (10-24),0.0584829684276152,0.43137254901960786,51
2025,GB,run,5. Goal-to-Go (<10),0.05283875452075761,0.6486486486486487,37
2025,HOU,pass,1. Own End (75-100),0.06902818338896491,0.4,95
2025,HOU,pass,2. Own Mid (50-74),0.1292269928442334,0.460093896713615,213
2025,HOU,pass,3. Opp Mid (25-49),-0.11728274454542255,0.4621212121212121,132
2025,HOU,pass,4. Red Zone (10-24),-0.1831577881435316,0.3137254901960784,51
2025,HOU,pass,5. Goal-to-Go (<10),-0.2700912027118869,0.391304347826087,23
2025,HOU,run,1. Own End (75-100),-0.2652176796918866,0.296875,64
2025,HOU,run,2. Own Mid (50-74),-0.13298775274775548,0.37410071942446044,139
2025,HOU,run,3. Opp Mid (25-49),0.04527076124130084,0.4423076923076923,104
2025,HOU,run,4. Red Zone (10-24),-0.13073788067064682,0.3673469387755102,49
2025,HOU,run,5. Goal-to-Go (<10),0.046886142136322126,0.4074074074074074,27
2025,IND,pass,1. Own End (75-100),-0.24220635328252213,0.41935483870967744,62
2025,IND,pass,2. Own Mid (50-74),0.08640812196065971,0.42780748663101603,187
2025,IND,pass,3. Opp Mid (25-49),0.12681253086997255,0.5042016806722689,119
2025,IND,pass,4. Red Zone (10-24),0.005222137315887783,0.421875,64
2025,IND,pass,5. Goal-to-Go (<10),0.4492815470556489,0.46153846153846156,26
2025,IND,run,1. Own End (75-100),0.3616450303485252,0.6078431372549019,51
2025,IND,run,2. Own Mid (50-74),-0.06209626430666561,0.38738738738738737,111
2025,IND,run,3. Opp Mid (25-49),0.06368187166409343,0.45555555555555555,90
2025,IND,run,4. Red Zone (10-24),-0.0016889502884680403,0.375,48
2025,IND,run,5. Goal-to-Go (<10),0.04740253996343694,0.5,42
2025,JAX,pass,1. Own End (75-100),0.007047447473562968,0.5076923076923077,65
2025,JAX,pass,2. Own Mid (50-74),0.0712698736722188,0.45698924731182794,186
2025,JAX,pass,3. Opp Mid (25-49),0.0862382269662364,0.452991452991453,117
2025,JAX,pass,4. Red Zone (10-24),0.030043578187713398,0.47368421052631576,57
2025,JAX,pass,5. Goal-to-Go (<10),-0.3144906374319005,0.5,24
2025,JAX,run,1. Own End (75-100),-0.08485318183406018,0.3829787234042553,47
2025,JAX,run,2. Own Mid (50-74),0.028671412889221773,0.4174757281553398,103
2025,JAX,run,3. Opp Mid (25-49),0.0976073946774574,0.4666666666666667,90
2025,JAX,run,4. Red Zone (10-24),0.04501380300518523,0.47368421052631576,57
2025,JAX,run,5. Goal-to-Go (<10),0.5498775831421461,0.6923076923076923,26
2025,KC,pass,1. Own End (75-100),0.20669002894026844,0.5352112676056338,71
2025,KC,pass,2. Own Mid (50-74),-0.025614096813341147,0.44390243902439025,205
2025,KC,pass,3. Opp Mid (25-49),0.03307543869789668,0.46357615894039733,151
2025,KC,pass,4. Red Zone (10-24),-0.17255369280773653,0.3548387096774194,62
2025,KC,pass,5. Goal-to-Go (<10),-0.2056809886746716,0.3695652173913043,46
2025,KC,run,1. Own End (75-100),-0.11514111976302638,0.38596491228070173,57
2025,KC,run,2. Own Mid (50-74),0.023713764956130857,0.41935483870967744,124
2025,KC,run,3. Opp Mid (25-49),0.20521431049992658,0.5540540540540541,74
2025,KC,run,4. Red Zone (10-24),0.023364869842772112,0.4482758620689655,58
2025,KC,run,5. Goal-to-Go (<10),0.1722634923462465,0.53125,32
2025,LA,pass,1. Own End (75-100),0.2145354076459508,0.5161290322580645,62
2025,LA,pass,2. Own Mid (50-74),0.27030972808851517,0.5436893203883495,206
2025,LA,pass,3. Opp Mid (25-49),0.31667041676103835,0.5338345864661654,133
2025,LA,pass,4. Red Zone (10-24),0.0630892178490783,0.5,66
2025,LA,pass,5. Goal-to-Go (<10),0.18865224241051876,0.5238095238095238,42
2025,LA,run,1. Own End (75-100),-0.08104187801385436,0.4074074074074074,27
2025,LA,run,2. Own Mid (50-74),0.011461994984003484,0.5045871559633027,109
2025,LA,run,3. Opp Mid (25-49),0.1793533584242239,0.5060240963855421,83
2025,LA,run,4. Red Zone (10-24),-0.2187656569882262,0.5227272727272727,44
2025,LA,run,5. Goal-to-Go (<10),0.04186191783648812,0.5833333333333334,36
2025,LAC,pass,1. Own End (75-100),-0.13794539476999043,0.41836734693877553,98
2025,LAC,pass,2. Own Mid (50-74),-0.09534983225990375,0.42021276595744683,188
2025,LAC,pass,3. Opp Mid (25-49),0.05848173620950796,0.5075757575757576,132
2025,LAC,pass,4. Red Zone (10-24),0.07317368919291244,0.36507936507936506,63
2025,LAC,pass,5. Goal-to-Go (<10),-0.39150911075728384,0.34615384615384615,26
2025,LAC,run,1. Own End (75-100),-0.05270517922147772,0.32786885245901637,61
2025,LAC,run,2. Own Mid (50-74),0.12363748565928825,0.40425531914893614,141
2025,LAC,run,3. Opp Mid (25-49),0.06577181983526555,0.5227272727272727,88
2025,LAC,run,4. Red Zone (10-24),-0.31762201067831136,0.34285714285714286,35
2025,LAC,run,5. Goal-to-Go (<10),-0.02005300960577601,0.45454545454545453,22
2025,LV,pass,1. Own End (75-100),-0.24511270710389085,0.42857142857142855,63
2025,LV,pass,2. Own Mid (50-74),-0.3014130986780912,0.36363636363636365,187
2025,LV,pass,3. Opp Mid (25-49),-0.11541148222410796,0.4230769230769231,104
2025,LV,pass,4. Red Zone (10-24),-0.659540692376661,0.2391304347826087,46
2025,LV,pass,5. Goal-to-Go (<10),0.35030355257331014,0.4666666666666667,15
2025,LV,run,1. Own End (75-100),-0.04821594290399883,0.41304347826086957,46
2025,LV,run,2. Own Mid (50-74),-0.26498695506020237,0.33587786259541985,131
2025,LV,run,3. Opp Mid (25-49),-0.27463733773067794,0.29508196721311475,61
2025,LV,run,4. Red Zone (10-24),0.009375715052905994,0.5,26
2025,LV,run,5. Goal-to-Go (<10),-0.41788767982595104,0.25,12
2025,MIA,pass,1. Own End (75-100),0.2292243445071839,0.5490196078431373,51
2025,MIA,pass,2. Own Mid (50-74),-0.19028435708662014,0.38064516129032255,155
2025,MIA,pass,3. Opp Mid (25-49),0.43619780776926254,0.5308641975308642,81
2025,MIA,pass,4. Red Zone (10-24),-0.3200112161997087,0.391304347826087,46
2025,MIA,pass,5. Goal-to-Go (<10),0.44415559620656986,0.5652173913043478,23
2025,MIA,run,1. Own End (75-100),-0.04474017183042169,0.3877551020408163,49
2025,MIA,run,2. Own Mid (50-74),-0.029746906409855,0.3645833333333333,96
2025,MIA,run,3. Opp Mid (25-49),0.15815411838257235,0.5,76
2025,MIA,run,4. Red Zone (10-24),0.021453527128001353,0.4489795918367347,49
2025,MIA,run,5. Goal-to-Go (<10),-0.09971036315414096,0.46153846153846156,26
2025,MIN,pass,1. Own End (75-100),0.3154447263045776,0.5,58
2025,MIN,pass,2. Own Mid (50-74),-0.4084708114040939,0.3770491803278688,183
2025,MIN,pass,3. Opp Mid (25-49),-0.026445912310470686,0.46938775510204084,98
2025,MIN,pass,4. Red Zone (10-24),0.11016837848923298,0.42,50
2025,MIN,pass,5. Goal-to-Go (<10),-1.1170909088025989,0.15789473684210525,19
2025,MIN,run,1. Own End (75-100),-0.07150520851684954,0.38235294117647056,68
2025,MIN,run,2. Own Mid (50-74),-0.11556010884734447,0.3902439024390244,123
2025,MIN,run,3. Opp Mid (25-49),-0.1464030672861966,0.4716981132075472,53
2025,MIN,run,4. Red Zone (10-24),-0.004247559878978865,0.5428571428571428,35
2025,MIN,run,5. Goal-to-Go (<10),0.7799748384380055,0.7647058823529411,17
2025,NE,pass,1. Own End (75-100),0.4475703647920454,0.6625,80
2025,NE,pass,2. Own Mid (50-74),0.15125486992490347,0.5055555555555555,180
2025,NE,pass,3. Opp Mid (25-49),0.5345923379188208,0.5982142857142857,112
2025,NE,pass,4. Red Zone (10-24),0.324071450867909,0.47619047619047616,42
2025,NE,pass,5. Goal-to-Go (<10),-0.07760036428841759,0.42857142857142855,28
2025,NE,run,1. Own End (75-100),-0.10509461656258237,0.3170731707317073,41
2025,NE,run,2. Own Mid (50-74),0.07363417298025028,0.46153846153846156,143
2025,NE,run,3. Opp Mid (25-49),-0.048460371131884124,0.4810126582278481,79
2025,NE,run,4. Red Zone (10-24),0.0393210483846215,0.40425531914893614,47
2025,NE,run,5. Goal-to-Go (<10),0.016692332268969434,0.4864864864864865,37
2025,NO,pass,1. Own End (75-100),-0.00499675918082871,0.4235294117647059,85
2025,NO,pass,2. Own Mid (50-74),0.0945743733531875,0.49390243902439024,164
2025,NO,pass,3. Opp Mid (25-49),-0.2131014852682915,0.43356643356643354,143
2025,NO,pass,4. Red Zone (10-24),-0.17206046667478303,0.3559322033898305,59
2025,NO,pass,5. Goal-to-Go (<10),-1.012784240834371,0.23076923076923078,13
2025,NO,run,1. Own End (75-100),-0.1462434920741038,0.3333333333333333,45
2025,NO,run,2. Own Mid (50-74),-0.1269980675541767,0.3798449612403101,129
2025,NO,run,3. Opp Mid (25-49),-0.059619826309156465,0.41904761904761906,105
2025,NO,run,4. Red Zone (10-24),0.023154809992870708,0.3684210526315789,38
2025,NO,run,5. Goal-to-Go (<10),0.029058745095556202,0.42857142857142855,28
2025,NYG,pass,1. Own End (75-100),0.0519669399593223,0.3787878787878788,66
2025,NYG,pass,2. Own Mid (50-74),0.13236323810669068,0.4461538461538462,195
2025,NYG,pass,3. Opp Mid (25-49),0.054797224675616686,0.45,120
2025,NYG,pass,4. Red Zone (10-24),-0.2931292135103274,0.28846153846153844,52
2025,NYG,pass,5. Goal-to-Go (<10),-0.9559332178752188,0.11764705882352941,17
2025,NYG,run,1. Own End (75-100),-0.22406648473460572,0.25925925925925924,54
2025,NYG,run,2. Own Mid (50-74),0.08116138087614864,0.44370860927152317,151
2025,NYG,run,3. Opp Mid (25-49),0.05228621102037082,0.49514563106796117,103
2025,NYG,run,4. Red Zone (10-24),-0.052461651021336105,0.4107142857142857,56
2025,NYG,run,5. Goal-to-Go (<10),-0.1165044106518111,0.4375,32
2025,NYJ,pass,1. Own End (75-100),-0.36416341747535624,0.325,40
2025,NYJ,pass,2. Own Mid (50-74),-0.2315299309679176,0.36875,160
2025,NYJ,pass,3. Opp Mid (25-49),-0.2905325845308202,0.42168674698795183,83
2025,NYJ,pass,4. Red Zone (10-24),-0.07749952532235174,0.27586206896551724,29
2025,NYJ,pass,5. Goal-to-Go (<10),-0.40062219176918484,0.2727272727272727,11
2025,NYJ,run,1. Own End (75-100),-0.11950183526884454,0.4523809523809524,42
2025,NYJ,run,2. Own Mid (50-74),-0.06912691152979748,0.4413793103448276,145
2025,NYJ,run,3. Opp Mid (25-49),-0.022547462215159637,0.4186046511627907,86
2025,NYJ,run,4. Red Zone (10-24),-0.2269347599109877,0.4,50
2025,NYJ,run,5. Goal-to-Go (<10),-0.18066342481716463,0.38461538461538464,13
2025,PHI,pass,1. Own End (75-100),0.1408274149252975,0.3875,80
2025,PHI,pass,2. Own Mid (50-74),-0.06743877631612122,0.44,175
2025,PHI,pass,3. Opp Mid (25-49),0.18794502097260224,0.47619047619047616,126
2025,PHI,pass,4. Red Zone (10-24),-0.35434372425458327,0.34782608695652173,46
2025,PHI,pass,5. Goal-to-Go (<10),0.41483124462027104,0.5714285714285714,21
2025,PHI,run,1. Own End (75-100),-0.07502639729425246,0.3620689655172414,58
2025,PHI,run,2. Own Mid (50-74),-0.036407210471471614,0.4067796610169492,118
2025,PHI,run,3. Opp Mid (25-49),0.18807687350064606,0.49411764705882355,85
2025,PHI,run,4. Red Zone (10-24),-0.15363901713041536,0.4583333333333333,48
2025,PHI,run,5. Goal-to-Go (<10),0.24662185264501854,0.42857142857142855,35
2025,PIT,pass,1. Own End (75-100),0.2655436105834919,0.5142857142857142,70
2025,PIT,pass,2. Own Mid (50-74),-0.083470968072155,0.3902439024390244,205
2025,PIT,pass,3. Opp Mid (25-49),0.044927853148281856,0.44776119402985076,134
2025,PIT,pass,4. Red Zone (10-24),0.4136849223052346,0.5517241379310345,58
2025,PIT,pass,5. Goal-to-Go (<10),-0.6380719085145988,0.3,30
2025,PIT,run,1. Own End (75-100),-0.07280691871710587,0.44642857142857145,56
2025,PIT,run,2. Own Mid (50-74),0.06185509585308811,0.4628099173553719,121
2025,PIT,run,3. Opp Mid (25-49),0.07088221473846942,0.43820224719101125,89
2025,PIT,run,4. Red Zone (10-24),0.011971781666752099,0.42105263157894735,38
2025,PIT,run,5. Goal-to-Go (<10),0.2659854872822384,0.5405405405405406,37
2025,SEA,pass,1. Own End (75-100),-0.2918493696689156,0.5,58
2025,SEA,pass,2. Own Mid (50-74),0.3025835930085625,0.5590062111801242,161
2025,SEA,pass,3. Opp Mid (25-49),0.031232625278259436,0.4953271028037383,107
2025,SEA,pass,4. Red Zone (10-24),0.18641523103375565,0.4444444444444444,36
2025,SEA,pass,5. Goal-to-Go (<10),-0.20380461530961128,0.4117647058823529,17
2025,SEA,run,1. Own End (75-100),0.07179739966086345,0.475,40
2025,SEA,run,2. Own Mid (50-74),0.049448847134650954,0.3958333333333333,96
2025,SEA,run,3. Opp Mid (25-49),-0.14303644124867385,0.4144144144144144,111
2025,SEA,run,4. Red Zone (10-24),-0.03718056249511769,0.4878048780487805,41
2025,SEA,run,5. Goal-to-Go (<10),-0.022916544134202663,0.4,25
2025,SF,pass,1. Own End (75-100),0.12029248017775403,0.6181818181818182,55
2025,SF,pass,2. Own Mid (50-74),0.18590340179881634,0.5283018867924528,212
2025,SF,pass,3. Opp Mid (25-49),-0.05940495752456677,0.4755244755244755,143
2025,SF,pass,4. Red Zone (10-24),0.5080188369572818,0.5714285714285714,63
2025,SF,pass,5. Goal-to-Go (<10),0.31918041557226534,0.5625,32
2025,SF,run,1. Own End (75-100),-0.11773305860622667,0.3333333333333333,39
2025,SF,run,2. Own Mid (50-74),-0.004073591259822144,0.4056603773584906,106
2025,SF,run,3. Opp Mid (25-49),0.07679197515980171,0.48120300751879697,133
2025,SF,run,4. Red Zone (10-24),-0.20693873652006436,0.3728813559322034,59
2025,SF,run,5. Goal-to-Go (<10),0.16687607050037265,0.5151515151515151,33
2025,TB,pass,1. Own End (75-100),0.16962803362015014,0.44,75
2025,TB,pass,2. Own Mid (50-74),-0.17611265302635729,0.425,200
2025,TB,pass,3. Opp Mid (25-49),0.005463806187811284,0.4426229508196721,122
2025,TB,pass,4. Red Zone (10-24),0.23724156528973206,0.45454545454545453,55
2025,TB,pass,5. Goal-to-Go (<10),0.20942486009579,0.38095238095238093,21
2025,TB,run,1. Own End (75-100),-0.046479591627656996,0.4444444444444444,54
2025,TB,run,2. Own Mid (50-74),0.06855714304883687,0.42207792207792205,154
2025,TB,run,3. Opp Mid (25-49),0.03363405275323951,0.48672566371681414,113
2025,TB,run,4. Red Zone (10-24),0.03254808465342902,0.4186046511627907,43
2025,TB,run,5. Goal-to-Go (<10),0.1858181404920441,0.4642857142857143,28
2025,TEN,pass,1. Own End (75-100),-0.13175971188466065,0.4142857142857143,70
2025,TEN,pass,2. Own Mid (50-74),-0.12267490122179549,0.39204545454545453,176
2025,TEN,pass,3. Opp Mid (25-49),-0.2655888345327725,0.33653846153846156,104
2025,TEN,pass,4. Red Zone (10-24),-0.6769986209709487,0.23809523809523808,21
2025,TEN,pass,5. Goal-to-Go (<10),0.46106928085637744,0.5,18
2025,TEN,run,1. Own End (75-100),-0.11701298477855744,0.325,40
2025,TEN,run,2. Own Mid (50-74),-0.08445641653270286,0.359375,128
2025,TEN,run,3. Opp Mid (25-49),-0.19751965780428746,0.367816091954023,87
2025,TEN,run,4. Red Zone (10-24),-0.07218658116296378,0.4666666666666667,15
2025,TEN,run,5. Goal-to-Go (<10),-0.7844725500723474,0.18181818181818182,11
2025,WAS,pass,1. Own End (75-100),0.4511711287896932,0.5681818181818182,44
2025,WAS,pass,2. Own Mid (50-74),0.1133684446720872,0.47333333333333333,150
2025,WAS,pass,3. Opp Mid (25-49),-0.09680730497000986,0.4380165289256198,121
2025,WAS,pass,4. Red Zone (10-24),-0.5193981302078209,0.35,40
2025,WAS,pass,5. Goal-to-Go (<10),-0.2769560863597991,0.36363636363636365,22
2025,WAS,run,1. Own End (75-100),-0.08944500437753863,0.3684210526315789,38
2025,WAS,run,2. Own Mid (50-74),0.0515951256252431,0.4233576642335766,137
2025,WAS,run,3. Opp Mid (25-49),-0.03662766858855206,0.4431818181818182,88
2025,WAS,run,4. Red Zone (10-24),0.27092710243134827,0.5365853658536586,41
2025,WAS,run,5. Goal-to-Go (<10),0.14224004991257588,0.47368421052631576,38
